[debug] [2025-04-03T17:49:25.100Z] ----------------------------------------------------------------------
[debug] [2025-04-03T17:49:25.103Z] Command:       C:\nvm4w\nodejs\node.exe C:\nvm4w\nodejs\node_modules\firebase-tools\lib\bin\firebase.js deploy --only functions
[debug] [2025-04-03T17:49:25.103Z] CLI Version:   13.35.1
[debug] [2025-04-03T17:49:25.104Z] Platform:      win32
[debug] [2025-04-03T17:49:25.104Z] Node Version:  v18.20.7
[debug] [2025-04-03T17:49:25.113Z] Time:          Thu Apr 03 2025 23:19:25 GMT+0530 (India Standard Time)
[debug] [2025-04-03T17:49:25.113Z] ----------------------------------------------------------------------
[debug] 
[debug] [2025-04-03T17:49:25.370Z] > command requires scopes: ["email","openid","https://www.googleapis.com/auth/cloudplatformprojects.readonly","https://www.googleapis.com/auth/firebase","https://www.googleapis.com/auth/cloud-platform"]
[debug] [2025-04-03T17:49:25.371Z] > authorizing via signed-in user (jayasrirajkumar0206@gmail.com)
[debug] [2025-04-03T17:49:25.371Z] [iam] checking project zynko-34cac for permissions ["cloudfunctions.functions.create","cloudfunctions.functions.delete","cloudfunctions.functions.get","cloudfunctions.functions.list","cloudfunctions.functions.update","cloudfunctions.operations.get","firebase.projects.get"]
[debug] [2025-04-03T17:49:25.373Z] Checked if tokens are valid: false, expires at: 1743702254198
[debug] [2025-04-03T17:49:25.373Z] Checked if tokens are valid: false, expires at: 1743702254198
[debug] [2025-04-03T17:49:25.374Z] > refreshing access token with scopes: []
[debug] [2025-04-03T17:49:25.376Z] >>> [apiv2][query] POST https://www.googleapis.com/oauth2/v3/token [none]
[debug] [2025-04-03T17:49:25.376Z] >>> [apiv2][body] POST https://www.googleapis.com/oauth2/v3/token [omitted]
[debug] [2025-04-03T17:49:26.145Z] <<< [apiv2][status] POST https://www.googleapis.com/oauth2/v3/token 200
[debug] [2025-04-03T17:49:26.145Z] <<< [apiv2][body] POST https://www.googleapis.com/oauth2/v3/token [omitted]
[debug] [2025-04-03T17:49:26.174Z] >>> [apiv2][query] POST https://cloudresourcemanager.googleapis.com/v1/projects/zynko-34cac:testIamPermissions [none]
[debug] [2025-04-03T17:49:26.175Z] >>> [apiv2][(partial)header] POST https://cloudresourcemanager.googleapis.com/v1/projects/zynko-34cac:testIamPermissions x-goog-quota-user=projects/zynko-34cac
[debug] [2025-04-03T17:49:26.175Z] >>> [apiv2][body] POST https://cloudresourcemanager.googleapis.com/v1/projects/zynko-34cac:testIamPermissions {"permissions":["cloudfunctions.functions.create","cloudfunctions.functions.delete","cloudfunctions.functions.get","cloudfunctions.functions.list","cloudfunctions.functions.update","cloudfunctions.operations.get","firebase.projects.get"]}
[debug] [2025-04-03T17:49:27.724Z] <<< [apiv2][status] POST https://cloudresourcemanager.googleapis.com/v1/projects/zynko-34cac:testIamPermissions 200
[debug] [2025-04-03T17:49:27.725Z] <<< [apiv2][body] POST https://cloudresourcemanager.googleapis.com/v1/projects/zynko-34cac:testIamPermissions {"permissions":["cloudfunctions.functions.create","cloudfunctions.functions.delete","cloudfunctions.functions.get","cloudfunctions.functions.list","cloudfunctions.functions.update","cloudfunctions.operations.get","firebase.projects.get"]}
[debug] [2025-04-03T17:49:27.726Z] Checked if tokens are valid: true, expires at: 1743706165146
[debug] [2025-04-03T17:49:27.726Z] Checked if tokens are valid: true, expires at: 1743706165146
[debug] [2025-04-03T17:49:27.726Z] >>> [apiv2][query] POST https://iam.googleapis.com/v1/projects/zynko-34cac/serviceAccounts/zynko-34cac@appspot.gserviceaccount.com:testIamPermissions [none]
[debug] [2025-04-03T17:49:27.726Z] >>> [apiv2][body] POST https://iam.googleapis.com/v1/projects/zynko-34cac/serviceAccounts/zynko-34cac@appspot.gserviceaccount.com:testIamPermissions {"permissions":["iam.serviceAccounts.actAs"]}
[debug] [2025-04-03T17:49:29.864Z] <<< [apiv2][status] POST https://iam.googleapis.com/v1/projects/zynko-34cac/serviceAccounts/zynko-34cac@appspot.gserviceaccount.com:testIamPermissions 200
[debug] [2025-04-03T17:49:29.864Z] <<< [apiv2][body] POST https://iam.googleapis.com/v1/projects/zynko-34cac/serviceAccounts/zynko-34cac@appspot.gserviceaccount.com:testIamPermissions {"permissions":["iam.serviceAccounts.actAs"]}
[info] 
[info] === Deploying to 'zynko-34cac'...
[info] 
[info] i  deploying functions 
[info] Running command: npm --prefix functions run lint
[debug] [2025-04-03T17:49:36.754Z] Error: Timed out.
    at Timeout._onTimeout (C:\Users\Mohammed Saif\AppData\Local\nvm\v18.20.7\node_modules\firebase-tools\lib\utils.js:269:49)
    at listOnTimeout (node:internal/timers:569:17)
    at process.processTimers (node:internal/timers:512:7)
[error] 
[error] Error: An unexpected error has occurred.
[debug] [2025-04-03T17:50:43.466Z] ----------------------------------------------------------------------
[debug] [2025-04-03T17:50:43.472Z] Command:       C:\nvm4w\nodejs\node.exe C:\nvm4w\nodejs\node_modules\firebase-tools\lib\bin\firebase.js deploy --only functions
[debug] [2025-04-03T17:50:43.472Z] CLI Version:   13.35.1
[debug] [2025-04-03T17:50:43.473Z] Platform:      win32
[debug] [2025-04-03T17:50:43.473Z] Node Version:  v18.20.7
[debug] [2025-04-03T17:50:43.475Z] Time:          Thu Apr 03 2025 23:20:43 GMT+0530 (India Standard Time)
[debug] [2025-04-03T17:50:43.476Z] ----------------------------------------------------------------------
[debug] 
[debug] [2025-04-03T17:50:43.737Z] > command requires scopes: ["email","openid","https://www.googleapis.com/auth/cloudplatformprojects.readonly","https://www.googleapis.com/auth/firebase","https://www.googleapis.com/auth/cloud-platform"]
[debug] [2025-04-03T17:50:43.738Z] > authorizing via signed-in user (jayasrirajkumar0206@gmail.com)
[debug] [2025-04-03T17:50:43.738Z] [iam] checking project zynko-34cac for permissions ["cloudfunctions.functions.create","cloudfunctions.functions.delete","cloudfunctions.functions.get","cloudfunctions.functions.list","cloudfunctions.functions.update","cloudfunctions.operations.get","firebase.projects.get"]
[debug] [2025-04-03T17:50:43.740Z] Checked if tokens are valid: true, expires at: 1743706165146
[debug] [2025-04-03T17:50:43.740Z] Checked if tokens are valid: true, expires at: 1743706165146
[debug] [2025-04-03T17:50:43.742Z] >>> [apiv2][query] POST https://cloudresourcemanager.googleapis.com/v1/projects/zynko-34cac:testIamPermissions [none]
[debug] [2025-04-03T17:50:43.742Z] >>> [apiv2][(partial)header] POST https://cloudresourcemanager.googleapis.com/v1/projects/zynko-34cac:testIamPermissions x-goog-quota-user=projects/zynko-34cac
[debug] [2025-04-03T17:50:43.742Z] >>> [apiv2][body] POST https://cloudresourcemanager.googleapis.com/v1/projects/zynko-34cac:testIamPermissions {"permissions":["cloudfunctions.functions.create","cloudfunctions.functions.delete","cloudfunctions.functions.get","cloudfunctions.functions.list","cloudfunctions.functions.update","cloudfunctions.operations.get","firebase.projects.get"]}
[debug] [2025-04-03T17:50:45.262Z] <<< [apiv2][status] POST https://cloudresourcemanager.googleapis.com/v1/projects/zynko-34cac:testIamPermissions 200
[debug] [2025-04-03T17:50:45.262Z] <<< [apiv2][body] POST https://cloudresourcemanager.googleapis.com/v1/projects/zynko-34cac:testIamPermissions {"permissions":["cloudfunctions.functions.create","cloudfunctions.functions.delete","cloudfunctions.functions.get","cloudfunctions.functions.list","cloudfunctions.functions.update","cloudfunctions.operations.get","firebase.projects.get"]}
[debug] [2025-04-03T17:50:45.262Z] Checked if tokens are valid: true, expires at: 1743706165146
[debug] [2025-04-03T17:50:45.263Z] Checked if tokens are valid: true, expires at: 1743706165146
[debug] [2025-04-03T17:50:45.263Z] >>> [apiv2][query] POST https://iam.googleapis.com/v1/projects/zynko-34cac/serviceAccounts/zynko-34cac@appspot.gserviceaccount.com:testIamPermissions [none]
[debug] [2025-04-03T17:50:45.263Z] >>> [apiv2][body] POST https://iam.googleapis.com/v1/projects/zynko-34cac/serviceAccounts/zynko-34cac@appspot.gserviceaccount.com:testIamPermissions {"permissions":["iam.serviceAccounts.actAs"]}
[debug] [2025-04-03T17:50:47.017Z] <<< [apiv2][status] POST https://iam.googleapis.com/v1/projects/zynko-34cac/serviceAccounts/zynko-34cac@appspot.gserviceaccount.com:testIamPermissions 200
[debug] [2025-04-03T17:50:47.017Z] <<< [apiv2][body] POST https://iam.googleapis.com/v1/projects/zynko-34cac/serviceAccounts/zynko-34cac@appspot.gserviceaccount.com:testIamPermissions {"permissions":["iam.serviceAccounts.actAs"]}
[info] 
[info] === Deploying to 'zynko-34cac'...
[info] 
[info] i  deploying functions 
[info] Running command: npm --prefix functions run lint
[info] +  functions: Finished running predeploy script. 
[debug] [2025-04-03T17:50:48.712Z] Checked if tokens are valid: true, expires at: 1743706165146
[debug] [2025-04-03T17:50:48.712Z] Checked if tokens are valid: true, expires at: 1743706165146
[debug] [2025-04-03T17:50:48.712Z] >>> [apiv2][query] GET https://cloudresourcemanager.googleapis.com/v1/projects/zynko-34cac [none]
[debug] [2025-04-03T17:50:50.555Z] <<< [apiv2][status] GET https://cloudresourcemanager.googleapis.com/v1/projects/zynko-34cac 200
[debug] [2025-04-03T17:50:50.556Z] <<< [apiv2][body] GET https://cloudresourcemanager.googleapis.com/v1/projects/zynko-34cac {"projectNumber":"94736983827","projectId":"zynko-34cac","lifecycleState":"ACTIVE","name":"zynko","labels":{"firebase":"enabled","firebase-core":"disabled","generative-language":"enabled"},"createTime":"2025-02-22T05:45:30.599143Z"}
[info] i  functions: preparing codebase default for deployment 
[info] i  functions: ensuring required API cloudfunctions.googleapis.com is enabled... 
[debug] [2025-04-03T17:50:50.563Z] Checked if tokens are valid: true, expires at: 1743706165146
[debug] [2025-04-03T17:50:50.563Z] Checked if tokens are valid: true, expires at: 1743706165146
[debug] [2025-04-03T17:50:50.563Z] Checked if tokens are valid: true, expires at: 1743706165146
[debug] [2025-04-03T17:50:50.563Z] Checked if tokens are valid: true, expires at: 1743706165146
[info] i  functions: ensuring required API cloudbuild.googleapis.com is enabled... 
[debug] [2025-04-03T17:50:50.567Z] Checked if tokens are valid: true, expires at: 1743706165146
[debug] [2025-04-03T17:50:50.567Z] Checked if tokens are valid: true, expires at: 1743706165146
[info] i  artifactregistry: ensuring required API artifactregistry.googleapis.com is enabled... 
[debug] [2025-04-03T17:50:50.569Z] Checked if tokens are valid: true, expires at: 1743706165146
[debug] [2025-04-03T17:50:50.569Z] Checked if tokens are valid: true, expires at: 1743706165146
[debug] [2025-04-03T17:50:50.570Z] >>> [apiv2][query] GET https://serviceusage.googleapis.com/v1/projects/zynko-34cac/services/cloudfunctions.googleapis.com [none]
[debug] [2025-04-03T17:50:50.570Z] >>> [apiv2][(partial)header] GET https://serviceusage.googleapis.com/v1/projects/zynko-34cac/services/cloudfunctions.googleapis.com x-goog-quota-user=projects/zynko-34cac
[debug] [2025-04-03T17:50:50.574Z] >>> [apiv2][query] GET https://serviceusage.googleapis.com/v1/projects/zynko-34cac/services/runtimeconfig.googleapis.com [none]
[debug] [2025-04-03T17:50:50.575Z] >>> [apiv2][(partial)header] GET https://serviceusage.googleapis.com/v1/projects/zynko-34cac/services/runtimeconfig.googleapis.com x-goog-quota-user=projects/zynko-34cac
[debug] [2025-04-03T17:50:50.578Z] >>> [apiv2][query] GET https://serviceusage.googleapis.com/v1/projects/zynko-34cac/services/cloudbuild.googleapis.com [none]
[debug] [2025-04-03T17:50:50.578Z] >>> [apiv2][(partial)header] GET https://serviceusage.googleapis.com/v1/projects/zynko-34cac/services/cloudbuild.googleapis.com x-goog-quota-user=projects/zynko-34cac
[debug] [2025-04-03T17:50:50.580Z] >>> [apiv2][query] GET https://serviceusage.googleapis.com/v1/projects/zynko-34cac/services/artifactregistry.googleapis.com [none]
[debug] [2025-04-03T17:50:50.580Z] >>> [apiv2][(partial)header] GET https://serviceusage.googleapis.com/v1/projects/zynko-34cac/services/artifactregistry.googleapis.com x-goog-quota-user=projects/zynko-34cac
[debug] [2025-04-03T17:50:53.365Z] <<< [apiv2][status] GET https://serviceusage.googleapis.com/v1/projects/zynko-34cac/services/artifactregistry.googleapis.com 200
[debug] [2025-04-03T17:50:53.365Z] <<< [apiv2][body] GET https://serviceusage.googleapis.com/v1/projects/zynko-34cac/services/artifactregistry.googleapis.com [omitted]
[info] +  artifactregistry: required API artifactregistry.googleapis.com is enabled 
[debug] [2025-04-03T17:50:53.368Z] <<< [apiv2][status] GET https://serviceusage.googleapis.com/v1/projects/zynko-34cac/services/cloudfunctions.googleapis.com 200
[debug] [2025-04-03T17:50:53.368Z] <<< [apiv2][body] GET https://serviceusage.googleapis.com/v1/projects/zynko-34cac/services/cloudfunctions.googleapis.com [omitted]
[info] +  functions: required API cloudfunctions.googleapis.com is enabled 
[debug] [2025-04-03T17:50:53.378Z] <<< [apiv2][status] GET https://serviceusage.googleapis.com/v1/projects/zynko-34cac/services/cloudbuild.googleapis.com 200
[debug] [2025-04-03T17:50:53.378Z] <<< [apiv2][body] GET https://serviceusage.googleapis.com/v1/projects/zynko-34cac/services/cloudbuild.googleapis.com [omitted]
[info] +  functions: required API cloudbuild.googleapis.com is enabled 
[debug] [2025-04-03T17:50:53.384Z] <<< [apiv2][status] GET https://serviceusage.googleapis.com/v1/projects/zynko-34cac/services/runtimeconfig.googleapis.com 200
[debug] [2025-04-03T17:50:53.385Z] <<< [apiv2][body] GET https://serviceusage.googleapis.com/v1/projects/zynko-34cac/services/runtimeconfig.googleapis.com [omitted]
[debug] [2025-04-03T17:50:53.386Z] Checked if tokens are valid: true, expires at: 1743706165146
[debug] [2025-04-03T17:50:53.386Z] Checked if tokens are valid: true, expires at: 1743706165146
[debug] [2025-04-03T17:50:53.386Z] >>> [apiv2][query] GET https://firebase.googleapis.com/v1beta1/projects/zynko-34cac/adminSdkConfig [none]
[debug] [2025-04-03T17:50:55.189Z] <<< [apiv2][status] GET https://firebase.googleapis.com/v1beta1/projects/zynko-34cac/adminSdkConfig 200
[debug] [2025-04-03T17:50:55.190Z] <<< [apiv2][body] GET https://firebase.googleapis.com/v1beta1/projects/zynko-34cac/adminSdkConfig {"projectId":"zynko-34cac","databaseURL":"https://zynko-34cac-default-rtdb.firebaseio.com","storageBucket":"zynko-34cac.firebasestorage.app"}
[debug] [2025-04-03T17:50:55.191Z] Checked if tokens are valid: true, expires at: 1743706165146
[debug] [2025-04-03T17:50:55.191Z] Checked if tokens are valid: true, expires at: 1743706165146
[debug] [2025-04-03T17:50:55.191Z] >>> [apiv2][query] GET https://runtimeconfig.googleapis.com/v1beta1/projects/zynko-34cac/configs [none]
[debug] [2025-04-03T17:50:55.798Z] <<< [apiv2][status] GET https://runtimeconfig.googleapis.com/v1beta1/projects/zynko-34cac/configs 200
[debug] [2025-04-03T17:50:55.799Z] <<< [apiv2][body] GET https://runtimeconfig.googleapis.com/v1beta1/projects/zynko-34cac/configs {"configs":[{"name":"projects/zynko-34cac/configs/google"}]}
[debug] [2025-04-03T17:50:55.799Z] Checked if tokens are valid: true, expires at: 1743706165146
[debug] [2025-04-03T17:50:55.800Z] Checked if tokens are valid: true, expires at: 1743706165146
[debug] [2025-04-03T17:50:55.800Z] >>> [apiv2][query] GET https://runtimeconfig.googleapis.com/v1beta1/projects/zynko-34cac/configs/google/variables [none]
[debug] [2025-04-03T17:50:56.314Z] <<< [apiv2][status] GET https://runtimeconfig.googleapis.com/v1beta1/projects/zynko-34cac/configs/google/variables 200
[debug] [2025-04-03T17:50:56.315Z] <<< [apiv2][body] GET https://runtimeconfig.googleapis.com/v1beta1/projects/zynko-34cac/configs/google/variables {"variables":[{"name":"projects/zynko-34cac/configs/google/variables/project_id","updateTime":"2025-03-12T18:29:15.004804404Z"},{"name":"projects/zynko-34cac/configs/google/variables/agent_id","updateTime":"2025-03-12T18:31:01.303530633Z"},{"name":"projects/zynko-34cac/configs/google/variables/gemini_key","updateTime":"2025-03-12T18:31:40.055327652Z"},{"name":"projects/zynko-34cac/configs/google/variables/location","updateTime":"2025-03-12T18:30:09.950411271Z"}]}
[debug] [2025-04-03T17:50:56.316Z] Checked if tokens are valid: true, expires at: 1743706165146
[debug] [2025-04-03T17:50:56.316Z] Checked if tokens are valid: true, expires at: 1743706165146
[debug] [2025-04-03T17:50:56.316Z] Checked if tokens are valid: true, expires at: 1743706165146
[debug] [2025-04-03T17:50:56.316Z] Checked if tokens are valid: true, expires at: 1743706165146
[debug] [2025-04-03T17:50:56.316Z] Checked if tokens are valid: true, expires at: 1743706165146
[debug] [2025-04-03T17:50:56.316Z] Checked if tokens are valid: true, expires at: 1743706165146
[debug] [2025-04-03T17:50:56.317Z] Checked if tokens are valid: true, expires at: 1743706165146
[debug] [2025-04-03T17:50:56.317Z] Checked if tokens are valid: true, expires at: 1743706165146
[debug] [2025-04-03T17:50:56.317Z] >>> [apiv2][query] GET https://runtimeconfig.googleapis.com/v1beta1/projects/zynko-34cac/configs/google/variables/project_id [none]
[debug] [2025-04-03T17:50:56.323Z] >>> [apiv2][query] GET https://runtimeconfig.googleapis.com/v1beta1/projects/zynko-34cac/configs/google/variables/agent_id [none]
[debug] [2025-04-03T17:50:56.328Z] >>> [apiv2][query] GET https://runtimeconfig.googleapis.com/v1beta1/projects/zynko-34cac/configs/google/variables/gemini_key [none]
[debug] [2025-04-03T17:50:56.332Z] >>> [apiv2][query] GET https://runtimeconfig.googleapis.com/v1beta1/projects/zynko-34cac/configs/google/variables/location [none]
[debug] [2025-04-03T17:50:56.683Z] <<< [apiv2][status] GET https://runtimeconfig.googleapis.com/v1beta1/projects/zynko-34cac/configs/google/variables/location 200
[debug] [2025-04-03T17:50:56.683Z] <<< [apiv2][body] GET https://runtimeconfig.googleapis.com/v1beta1/projects/zynko-34cac/configs/google/variables/location {"name":"projects/zynko-34cac/configs/google/variables/location","updateTime":"2025-03-12T18:30:09.950411271Z","text":"us-central1"}
[debug] [2025-04-03T17:50:56.690Z] <<< [apiv2][status] GET https://runtimeconfig.googleapis.com/v1beta1/projects/zynko-34cac/configs/google/variables/agent_id 200
[debug] [2025-04-03T17:50:56.691Z] <<< [apiv2][body] GET https://runtimeconfig.googleapis.com/v1beta1/projects/zynko-34cac/configs/google/variables/agent_id {"name":"projects/zynko-34cac/configs/google/variables/agent_id","updateTime":"2025-03-12T18:31:01.303530633Z","text":"ef46fa57-deb0-44a3-be4b-f95e60df65a5"}
[debug] [2025-04-03T17:50:56.692Z] <<< [apiv2][status] GET https://runtimeconfig.googleapis.com/v1beta1/projects/zynko-34cac/configs/google/variables/gemini_key 200
[debug] [2025-04-03T17:50:56.692Z] <<< [apiv2][body] GET https://runtimeconfig.googleapis.com/v1beta1/projects/zynko-34cac/configs/google/variables/gemini_key {"name":"projects/zynko-34cac/configs/google/variables/gemini_key","updateTime":"2025-03-12T18:31:40.055327652Z","text":"AIzaSyBvdRKCGP0PmzCXP32hZP5Nafk73pEyJGU"}
[debug] [2025-04-03T17:50:56.834Z] <<< [apiv2][status] GET https://runtimeconfig.googleapis.com/v1beta1/projects/zynko-34cac/configs/google/variables/project_id 200
[debug] [2025-04-03T17:50:56.835Z] <<< [apiv2][body] GET https://runtimeconfig.googleapis.com/v1beta1/projects/zynko-34cac/configs/google/variables/project_id {"name":"projects/zynko-34cac/configs/google/variables/project_id","updateTime":"2025-03-12T18:29:15.004804404Z","text":"zynko-34cac"}
[debug] [2025-04-03T17:50:56.838Z] Validating nodejs source
[warn] !  functions: Runtime Node.js 18 will be deprecated on 2025-04-30 and will be decommissioned on 2025-10-31, after which you will not be able to deploy without upgrading. Consider upgrading now to avoid disruption. See https://cloud.google.com/functions/docs/runtime-support for full details on the lifecycle policy 
[warn] !  functions: package.json indicates an outdated version of firebase-functions. Please upgrade using npm install --save firebase-functions@latest in your functions directory. 
[warn] !  functions: Please note that there will be breaking changes when you upgrade. 
[debug] [2025-04-03T17:50:58.599Z] > [functions] package.json contents: {
  "name": "functions",
  "description": "Cloud Functions for Firebase",
  "scripts": {
    "lint": "eslint .",
    "serve": "firebase emulators:start --only functions",
    "shell": "firebase functions:shell",
    "start": "npm run shell",
    "deploy": "firebase deploy --only functions",
    "logs": "firebase functions:log"
  },
  "engines": {
    "node": "18"
  },
  "main": "index.js",
  "dependencies": {
    "@google-cloud/dialogflow-cx": "^4.10.0",
    "@google-cloud/speech": "^6.7.1",
    "@google-cloud/text-to-speech": "^5.8.1",
    "@google-cloud/vision": "^4.3.3",
    "@google/generative-ai": "^0.1.3",
    "dotenv": "^16.4.7",
    "firebase-admin": "^11.11.1",
    "firebase-functions": "^5.1.0"
  },
  "devDependencies": {
    "eslint": "^8.15.0",
    "eslint-config-google": "^0.14.0",
    "firebase-functions-test": "^3.1.0"
  },
  "private": true
}
[debug] [2025-04-03T17:50:58.600Z] Building nodejs source
[info] i  functions: Loading and analyzing source code for codebase default to determine what to deploy 
[debug] [2025-04-03T17:50:58.608Z] Could not find functions.yaml. Must use http discovery
[debug] [2025-04-03T17:50:58.621Z] Found firebase-functions binary at 'D:\zynk ai\functions\node_modules\.bin\firebase-functions'
[info] Serving at port 8572

[info] Service Account Email: firebase-adminsdk-fbsvc@zynko-34cac.iam.gserviceaccount.com
Project ID: zynko-34cac

[debug] [2025-04-03T17:51:02.261Z] Got response from /__/functions.yaml {"endpoints":{"processQuery":{"platform":"gcfv1","labels":{},"availableMemoryMb":null,"timeoutSeconds":null,"minInstances":null,"maxInstances":null,"ingressSettings":null,"serviceAccountEmail":null,"vpc":null,"callableTrigger":{},"entryPoint":"processQuery"}},"specVersion":"v1alpha1","requiredAPIs":[],"extensions":{}}
[info] i  extensions: ensuring required API firebaseextensions.googleapis.com is enabled... 
[debug] [2025-04-03T17:51:02.404Z] Checked if tokens are valid: true, expires at: 1743706165146
[debug] [2025-04-03T17:51:02.404Z] Checked if tokens are valid: true, expires at: 1743706165146
[debug] [2025-04-03T17:51:02.404Z] >>> [apiv2][query] GET https://serviceusage.googleapis.com/v1/projects/zynko-34cac/services/firebaseextensions.googleapis.com [none]
[debug] [2025-04-03T17:51:02.404Z] >>> [apiv2][(partial)header] GET https://serviceusage.googleapis.com/v1/projects/zynko-34cac/services/firebaseextensions.googleapis.com x-goog-quota-user=projects/zynko-34cac
[debug] [2025-04-03T17:51:04.195Z] <<< [apiv2][status] GET https://serviceusage.googleapis.com/v1/projects/zynko-34cac/services/firebaseextensions.googleapis.com 200
[debug] [2025-04-03T17:51:04.195Z] <<< [apiv2][body] GET https://serviceusage.googleapis.com/v1/projects/zynko-34cac/services/firebaseextensions.googleapis.com [omitted]
[info] +  extensions: required API firebaseextensions.googleapis.com is enabled 
[debug] [2025-04-03T17:51:04.197Z] > command requires scopes: ["email","openid","https://www.googleapis.com/auth/cloudplatformprojects.readonly","https://www.googleapis.com/auth/firebase","https://www.googleapis.com/auth/cloud-platform"]
[debug] [2025-04-03T17:51:04.197Z] > authorizing via signed-in user (jayasrirajkumar0206@gmail.com)
[debug] [2025-04-03T17:51:04.198Z] [iam] checking project zynko-34cac for permissions ["firebase.projects.get","firebaseextensions.instances.list"]
[debug] [2025-04-03T17:51:04.198Z] Checked if tokens are valid: true, expires at: 1743706165146
[debug] [2025-04-03T17:51:04.198Z] Checked if tokens are valid: true, expires at: 1743706165146
[debug] [2025-04-03T17:51:04.198Z] >>> [apiv2][query] POST https://cloudresourcemanager.googleapis.com/v1/projects/zynko-34cac:testIamPermissions [none]
[debug] [2025-04-03T17:51:04.199Z] >>> [apiv2][(partial)header] POST https://cloudresourcemanager.googleapis.com/v1/projects/zynko-34cac:testIamPermissions x-goog-quota-user=projects/zynko-34cac
[debug] [2025-04-03T17:51:04.199Z] >>> [apiv2][body] POST https://cloudresourcemanager.googleapis.com/v1/projects/zynko-34cac:testIamPermissions {"permissions":["firebase.projects.get","firebaseextensions.instances.list"]}
[debug] [2025-04-03T17:51:05.804Z] <<< [apiv2][status] POST https://cloudresourcemanager.googleapis.com/v1/projects/zynko-34cac:testIamPermissions 200
[debug] [2025-04-03T17:51:05.805Z] <<< [apiv2][body] POST https://cloudresourcemanager.googleapis.com/v1/projects/zynko-34cac:testIamPermissions {"permissions":["firebase.projects.get","firebaseextensions.instances.list"]}
[debug] [2025-04-03T17:51:05.806Z] Checked if tokens are valid: true, expires at: 1743706165146
[debug] [2025-04-03T17:51:05.806Z] Checked if tokens are valid: true, expires at: 1743706165146
[debug] [2025-04-03T17:51:05.808Z] >>> [apiv2][query] GET https://firebaseextensions.googleapis.com/v1beta/projects/zynko-34cac/instances pageSize=100&pageToken=
[debug] [2025-04-03T17:51:07.634Z] <<< [apiv2][status] GET https://firebaseextensions.googleapis.com/v1beta/projects/zynko-34cac/instances 200
[debug] [2025-04-03T17:51:07.635Z] <<< [apiv2][body] GET https://firebaseextensions.googleapis.com/v1beta/projects/zynko-34cac/instances {}
[info] i  functions: Loaded environment variables from .env. 
[info] i  functions: preparing functions directory for uploading... 
[info] i  functions: packaged D:\zynk ai\functions (93.35 KB) for uploading 
[debug] [2025-04-03T17:51:07.722Z] Checked if tokens are valid: true, expires at: 1743706165146
[debug] [2025-04-03T17:51:07.722Z] Checked if tokens are valid: true, expires at: 1743706165146
[debug] [2025-04-03T17:51:07.723Z] >>> [apiv2][query] GET https://cloudfunctions.googleapis.com/v1/projects/zynko-34cac/locations/-/functions [none]
[debug] [2025-04-03T17:51:08.811Z] <<< [apiv2][status] GET https://cloudfunctions.googleapis.com/v1/projects/zynko-34cac/locations/-/functions 200
[debug] [2025-04-03T17:51:08.812Z] <<< [apiv2][body] GET https://cloudfunctions.googleapis.com/v1/projects/zynko-34cac/locations/-/functions {"functions":[{"name":"projects/zynko-34cac/locations/us-central1/functions/processQuery","httpsTrigger":{"url":"https://us-central1-zynko-34cac.cloudfunctions.net/processQuery","securityLevel":"SECURE_ALWAYS"},"status":"ACTIVE","entryPoint":"processQuery","timeout":"60s","availableMemoryMb":256,"serviceAccountEmail":"zynko-34cac@appspot.gserviceaccount.com","updateTime":"2025-04-03T17:20:27.293Z","versionId":"17","labels":{"deployment-tool":"cli-firebase","deployment-callable":"true","firebase-functions-hash":"219a5b98cb40b5979b1f67e44655d621af8a78b9"},"sourceUploadUrl":"https://storage.googleapis.com/uploads-285734307537.us-central1.cloudfunctions.appspot.com/ce3064e8-9c53-4ffc-9676-bb3171da78a0.zip","environmentVariables":{"LOCATION":"us-central1","GOOGLE_APPLICATION_CREDENTIALS":"./service-account-key.json","GEMINI_API_KEY":"AIzaSyBvdRKCGP0PmzCXP32hZP5Nafk73pEyJGU","AGENT_ID":"ef46fa57-deb0-44a3-be4b-f95e60df65a5","DIALOGFLOW_LOCATION":"us-central1","DIALOGFLOW_AGENT_ID":"ef46fa57-deb0-44a3-be4b-f95e60df65a5","PROJECT_ID":"zynko-34cac","GOOGLE_SERVICE_ACCOUNT_KEY":"ewogICJ0eXBlIjogInNlcnZpY2VfYWNjb3VudCIsCiAgInByb2plY3RfaWQiOiAi enlua28tMzRjYWMiLAogICJwcml2YXRlX2tleV9pZCI6ICIxODlkN2ViZDBiOTM5 ODExODZkMmEzODAzMWU2YmJmNzNhMTYwYWUyIiwKICAicHJpdmF0ZV9rZXkiOiAi LS0tLS1CRUdJTiBQUklWQVRFIEtFWS0tLS0tXG5NSUlFdlFJQkFEQU5CZ2txaGtp Rzl3MEJBUUVGQUFTQ0JLY3dnZ1NqQWdFQUFvSUJBUUN6M0ZCaDBiOFdFajM3XG5I czBmYXZsa2RHSmdtajdDdmVTRllRemRmWWp3YXN5NUt1WFNpY1VSaXFLN3RXUjFu dFZ0QU5xUW81ZWlIaTNuXG5qQTNNaWRoS1lrcnp4d1lZY3VDZWcxV3hadEgzTE1v U1BWakEyNW1lVWNwcjBUaTZjckQ4RmdkL2R4MWhVS3B3XG5vL01iUStNRE9zZWRq VzBRZWd4Sk0rNktGUlkyb0NEWVZwMnRrR3I1YS96cjhLdW9WNGcyaTZkRzdXY253 VjFoXG5uMkljak9Ib04yVGlwWWdLU3JxQytWbHpxWFlYT2xEZ3pwbHUzcklXOEZH Q2ZpV0liNTVCZzgwQWtIdmhPR2pGXG5RMFVrR2EydHpIandqamdnUlRJZEI1RnBQ R3JrR0IwRVRvZzF4Q0dMeXlQVkpkdHlTM2hiYkF0cWdRUXRvdmtkXG5zRUlZdytj bkFnTUJBQUVDZ2dFQVUzSDhFeDRTUndXb251alA1dXNsRUkrVWt0Z05GU0d2czVm dXRaWUg0ZTdTXG4wM2ZORDR4ZWswQmNOclUyQ2dIcVovdVU2N1VTWlNNV1RnNWky b243Z0tzd3RnQVkybC8xeVdVS2JWZFVRNWFTXG5tN3E5Z2lDQUdYMDk2aDZ6OElE RWp2Z1RlM1pDZWNOSWlDRHdhYTVwMUxaQkpWNFhneVQwclVPOFFIRC9FTkVhXG5Y YWNwbFhVQ1Q0aUtvNkJDRjR5OS9kdDVuSXNRd3NTVlZwaVdvMmMwVEYyQ0l1NWJB djVGd1pzQ2lGY3Bvb1NQXG5uS05DUFpnZGxYWE9RSlZZTTVsdlNlY2tzZXA1YVJO QnJsM3YxRFhWQ0lRd2EyODVsMUtvSjRpL1UrM1dqTWhPXG5DRDB4TVhWRUNHS0Vx b0wwOHRVUy85bUJlanYwUHlNa001Sk1hM0w1bVFLQmdRRHhiQTdxeEp2eEVDbGN1 dldEXG5OV3lOcnd4cmFGRlJoZ2UrdFFuOGpNTWFLRUEySlFXZ2VZUDBkaXJ5R3FU NjRWRjhabWZTbklpcVJGUFROdVJGXG5hRjlHMjF2QTVtODVpUnlDOERTaEpXUFp5 bGlPUEVDUG5sME00NEpqU0tBaDAwTWQvV3NjZW40Z2JtQ0h1UU9FXG5vYWN3cmtU Z01VUmFLYk5Vc2ZrVytGMUl1UUtCZ1FDK3VLRE0vaUFITnowdFJxWk15UFZkSUJh d1Ywb2ZQV1VqXG5LcVF5UDdsWkRiTlRTMndWTkhJTXpmZ1ZXdnRZcDhMTVFrMmc1 OCt2NG1DM2xCblA0bXRLUkJWS3ZSak9zb01qXG4zY1pOZFRKcTl6REZoL0t6cTkw TFlSd1VrcGU1OWxNSXJmV2JpbUxEK3J4b3lNRW5IOVhyTW1pcWN2WTdEK0psXG5Q MHRIMnlyKzN3S0JnUURSOTI4SjA3RGtlVy9mekdKV21SSXVMMzRYdEFSMWFLSTN4 SEJKQzR0cnBuSWlKUlM5XG51ckYrM1g4QVRSZ0xjZ2RTc0NXLzBKQXp0WFZLRDBW ODhBZGRNczZiK0UzbnRrM3J1MG1xbFVCQVhIR2tVdGE3XG5rYm5QeWRiT3pvMG1u ZnlUaXFHcmhRVkk0M1prMUE0eFBmNlFvaUFZOUFCRWdsd0xYellLT2p1M1VRS0Jn Rk9mXG5ZaW5mZHEyVFE4aVpSSXRBUll6YVovaFRuWlZLOXhCUFB3VWxPYUJaU0hw S0JJN2JtdklRVVNrVDVrYTk3OFJkXG5nZW4rR2VyMWFCQzE2QWRsTUVPMHpGMGp3 ai9HdDRjL1V4WmRQNGowN3paODRDWjFRWXNldmhBcklrbVFQbUg4XG4zRWFoaTZL QVNxSHErLzJxa01INkxUZ25CZDFwbm90a0VCN21jdGlqQW9HQUFOaGw0ajFsU2VY elI2ZDVNSHo5XG5GTmVKUHRpM2hwRnMzRzZBdmZRSG5tUFlCMW1aYmFNSzZkVkd6 VkhBZ0tXZVNiOFBwZWRQM1JMek9IZzNHU2dNXG5ha0FZTFc2aTF0bjVwYmhKaHN2 U1lqN1diMHh4U1pIV1greHpFa1ZHSVNmemJ1dUU5cSs0M0tvZXRRVnhqa2M4XG5j TmZXdEJhL0szeTNMVWVZTnpubzBVWT1cbi0tLS0tRU5EIFBSSVZBVEUgS0VZLS0t LS1cbiIsCiAgImNsaWVudF9lbWFpbCI6ICJmaXJlYmFzZS1hZG1pbnNkay1mYnN2 Y0B6eW5rby0zNGNhYy5pYW0uZ3NlcnZpY2VhY2NvdW50LmNvbSIsCiAgImNsaWVu dF9pZCI6ICIxMDA1NTYxODgwNDU3OTA2NTU4NzIiLAogICJhdXRoX3VyaSI6ICJo dHRwczovL2FjY291bnRzLmdvb2dsZS5jb20vby9vYXV0aDIvYXV0aCIsCiAgInRv a2VuX3VyaSI6ICJodHRwczovL29hdXRoMi5nb29nbGVhcGlzLmNvbS90b2tlbiIs CiAgImF1dGhfcHJvdmlkZXJfeDUwOV9jZXJ0X3VybCI6ICJodHRwczovL3d3dy5n b29nbGVhcGlzLmNvbS9vYXV0aDIvdjEvY2VydHMiLAogICJjbGllbnRfeDUwOV9j ZXJ0X3VybCI6ICJodHRwczovL3d3dy5nb29nbGVhcGlzLmNvbS9yb2JvdC92MS9t ZXRhZGF0YS94NTA5L2ZpcmViYXNlLWFkbWluc2RrLWZic3ZjJTQwenlua28tMzRj YWMuaWFtLmdzZXJ2aWNlYWNjb3VudC5jb20iLAogICJ1bml2ZXJzZV9kb21haW4i OiAiZ29vZ2xlYXBpcy5jb20iCn0K","FIREBASE_CONFIG":"{\"projectId\":\"zynko-34cac\",\"databaseURL\":\"https://zynko-34cac-default-rtdb.firebaseio.com\",\"storageBucket\":\"zynko-34cac.firebasestorage.app\"}","GCLOUD_PROJECT":"zynko-34cac","EVENTARC_CLOUD_EVENT_SOURCE":"projects/zynko-34cac/locations/us-central1/functions/processQuery"},"runtime":"nodejs18","ingressSettings":"ALLOW_ALL","buildId":"3914d1d8-0e24-4080-adda-9bfbdde5ca97","buildEnvironmentVariables":{"GOOGLE_NODE_RUN_SCRIPTS":""},"buildName":"projects/94736983827/locations/us-central1/builds/3914d1d8-0e24-4080-adda-9bfbdde5ca97","dockerRegistry":"ARTIFACT_REGISTRY","automaticUpdatePolicy":{},"buildServiceAccount":"projects/zynko-34cac/serviceAccounts/94736983827-compute@developer.gserviceaccount.com"}]}
[debug] [2025-04-03T17:51:08.815Z] Checked if tokens are valid: true, expires at: 1743706165146
[debug] [2025-04-03T17:51:08.815Z] Checked if tokens are valid: true, expires at: 1743706165146
[debug] [2025-04-03T17:51:08.816Z] >>> [apiv2][query] GET https://cloudfunctions.googleapis.com/v2/projects/zynko-34cac/locations/-/functions filter=environment%3D%22GEN_2%22
[debug] [2025-04-03T17:51:10.609Z] <<< [apiv2][status] GET https://cloudfunctions.googleapis.com/v2/projects/zynko-34cac/locations/-/functions 200
[debug] [2025-04-03T17:51:10.609Z] <<< [apiv2][body] GET https://cloudfunctions.googleapis.com/v2/projects/zynko-34cac/locations/-/functions {}
[debug] [2025-04-03T17:51:10.612Z] Checked if tokens are valid: true, expires at: 1743706165146
[debug] [2025-04-03T17:51:10.613Z] Checked if tokens are valid: true, expires at: 1743706165146
[debug] [2025-04-03T17:51:10.613Z] >>> [apiv2][query] GET https://cloudresourcemanager.googleapis.com/v1/projects/zynko-34cac [none]
[debug] [2025-04-03T17:51:12.041Z] <<< [apiv2][status] GET https://cloudresourcemanager.googleapis.com/v1/projects/zynko-34cac 200
[debug] [2025-04-03T17:51:12.042Z] <<< [apiv2][body] GET https://cloudresourcemanager.googleapis.com/v1/projects/zynko-34cac {"projectNumber":"94736983827","projectId":"zynko-34cac","lifecycleState":"ACTIVE","name":"zynko","labels":{"firebase":"enabled","firebase-core":"disabled","generative-language":"enabled"},"createTime":"2025-02-22T05:45:30.599143Z"}
[debug] [2025-04-03T17:51:12.045Z] Checked if tokens are valid: true, expires at: 1743706165146
[debug] [2025-04-03T17:51:12.045Z] Checked if tokens are valid: true, expires at: 1743706165146
[debug] [2025-04-03T17:51:12.046Z] >>> [apiv2][query] GET https://cloudbilling.googleapis.com/v1/projects/zynko-34cac/billingInfo [none]
[debug] [2025-04-03T17:51:13.700Z] <<< [apiv2][status] GET https://cloudbilling.googleapis.com/v1/projects/zynko-34cac/billingInfo 200
[debug] [2025-04-03T17:51:13.700Z] <<< [apiv2][body] GET https://cloudbilling.googleapis.com/v1/projects/zynko-34cac/billingInfo {"name":"projects/zynko-34cac/billingInfo","projectId":"zynko-34cac","billingAccountName":"billingAccounts/010E59-F70113-384B43","billingEnabled":true}
[debug] [2025-04-03T17:51:13.704Z] Checked if tokens are valid: true, expires at: 1743706165146
[debug] [2025-04-03T17:51:13.704Z] Checked if tokens are valid: true, expires at: 1743706165146
[debug] [2025-04-03T17:51:13.705Z] >>> [apiv2][query] POST https://cloudfunctions.googleapis.com/v1/projects/zynko-34cac/locations/us-central1/functions:generateUploadUrl [none]
[debug] [2025-04-03T17:51:13.705Z] >>> [apiv2][body] POST https://cloudfunctions.googleapis.com/v1/projects/zynko-34cac/locations/us-central1/functions:generateUploadUrl {}
[debug] [2025-04-03T17:51:14.559Z] <<< [apiv2][status] POST https://cloudfunctions.googleapis.com/v1/projects/zynko-34cac/locations/us-central1/functions:generateUploadUrl 200
[debug] [2025-04-03T17:51:14.559Z] <<< [apiv2][body] POST https://cloudfunctions.googleapis.com/v1/projects/zynko-34cac/locations/us-central1/functions:generateUploadUrl {"uploadUrl":"https://storage.googleapis.com/uploads-285734307537.us-central1.cloudfunctions.appspot.com/82626765-643d-40fb-a064-a44e16400244.zip?GoogleAccessId=service-94736983827@gcf-admin-robot.iam.gserviceaccount.com&Expires=1743704475&Signature=aW%2BGo3Fy4np8OjusahltAMXcFV9fpGaStKhORYOPzVL7YG9RU0g5SduwNyL9p6jgMaqXZYeFc2SMZWTY5o0PJww0ebsQdtzDOzTcuqHf%2BZR%2BvLk3sE5VHZjp4A3FAm0En5aBc7mgzEf5E4htOq5rbWlu%2FCTWz18iyomL3NQFN%2F4nBCXK72%2B%2B35oqVexhMqlIw%2FoGVU5l2nQb8Qac9g60m1Gwju33rXFwVN4wR2g2C7mcSnlbi9nfChlUta8dP3tMJRrxuEUXDzTiG6BFxGfqgX8lcc2cjgtjVzR4Ll3Em714dxNObzYA2DAaeR8Oe%2BFKUiz1j4%2F%2F8qNFgX8JTC%2B8zw%3D%3D"}
[debug] [2025-04-03T17:51:14.562Z] >>> [apiv2][query] PUT https://storage.googleapis.com/uploads-285734307537.us-central1.cloudfunctions.appspot.com/82626765-643d-40fb-a064-a44e16400244.zip GoogleAccessId=service-94736983827%40gcf-admin-robot.iam.gserviceaccount.com&Expires=1743704475&Signature=aW%2BGo3Fy4np8OjusahltAMXcFV9fpGaStKhORYOPzVL7YG9RU0g5SduwNyL9p6jgMaqXZYeFc2SMZWTY5o0PJww0ebsQdtzDOzTcuqHf%2BZR%2BvLk3sE5VHZjp4A3FAm0En5aBc7mgzEf5E4htOq5rbWlu%2FCTWz18iyomL3NQFN%2F4nBCXK72%2B%2B35oqVexhMqlIw%2FoGVU5l2nQb8Qac9g60m1Gwju33rXFwVN4wR2g2C7mcSnlbi9nfChlUta8dP3tMJRrxuEUXDzTiG6BFxGfqgX8lcc2cjgtjVzR4Ll3Em714dxNObzYA2DAaeR8Oe%2BFKUiz1j4%2F%2F8qNFgX8JTC%2B8zw%3D%3D
[debug] [2025-04-03T17:51:14.563Z] >>> [apiv2][body] PUT https://storage.googleapis.com/uploads-285734307537.us-central1.cloudfunctions.appspot.com/82626765-643d-40fb-a064-a44e16400244.zip [stream]
[debug] [2025-04-03T17:51:15.663Z] <<< [apiv2][status] PUT https://storage.googleapis.com/uploads-285734307537.us-central1.cloudfunctions.appspot.com/82626765-643d-40fb-a064-a44e16400244.zip 200
[debug] [2025-04-03T17:51:15.663Z] <<< [apiv2][body] PUT https://storage.googleapis.com/uploads-285734307537.us-central1.cloudfunctions.appspot.com/82626765-643d-40fb-a064-a44e16400244.zip [omitted]
[info] +  functions: functions folder uploaded successfully 
[info] i  functions: updating Node.js 18 (1st Gen) function processQuery(us-central1)... 
[debug] [2025-04-03T17:51:15.681Z] Checked if tokens are valid: true, expires at: 1743706165146
[debug] [2025-04-03T17:51:15.682Z] Checked if tokens are valid: true, expires at: 1743706165146
[debug] [2025-04-03T17:51:15.683Z] >>> [apiv2][query] PATCH https://cloudfunctions.googleapis.com/v1/projects/zynko-34cac/locations/us-central1/functions/processQuery updateMask=name%2CsourceUploadUrl%2CentryPoint%2Cruntime%2CdockerRegistry%2Clabels%2ChttpsTrigger.securityLevel%2CminInstances%2CmaxInstances%2CingressSettings%2CenvironmentVariables%2CserviceAccountEmail%2CavailableMemoryMb%2Ctimeout%2CvpcConnector%2CvpcConnectorEgressSettings%2CsourceToken%2CbuildEnvironmentVariables
[debug] [2025-04-03T17:51:15.683Z] >>> [apiv2][body] PATCH https://cloudfunctions.googleapis.com/v1/projects/zynko-34cac/locations/us-central1/functions/processQuery {"name":"projects/zynko-34cac/locations/us-central1/functions/processQuery","sourceUploadUrl":"https://storage.googleapis.com/uploads-285734307537.us-central1.cloudfunctions.appspot.com/82626765-643d-40fb-a064-a44e16400244.zip?GoogleAccessId=service-94736983827@gcf-admin-robot.iam.gserviceaccount.com&Expires=1743704475&Signature=aW%2BGo3Fy4np8OjusahltAMXcFV9fpGaStKhORYOPzVL7YG9RU0g5SduwNyL9p6jgMaqXZYeFc2SMZWTY5o0PJww0ebsQdtzDOzTcuqHf%2BZR%2BvLk3sE5VHZjp4A3FAm0En5aBc7mgzEf5E4htOq5rbWlu%2FCTWz18iyomL3NQFN%2F4nBCXK72%2B%2B35oqVexhMqlIw%2FoGVU5l2nQb8Qac9g60m1Gwju33rXFwVN4wR2g2C7mcSnlbi9nfChlUta8dP3tMJRrxuEUXDzTiG6BFxGfqgX8lcc2cjgtjVzR4Ll3Em714dxNObzYA2DAaeR8Oe%2BFKUiz1j4%2F%2F8qNFgX8JTC%2B8zw%3D%3D","entryPoint":"processQuery","runtime":"nodejs18","dockerRegistry":"ARTIFACT_REGISTRY","labels":{"deployment-tool":"cli-firebase","deployment-callable":"true","firebase-functions-hash":"edaf871c060135d433d4cebdb87268d2686057d1"},"httpsTrigger":{"securityLevel":"SECURE_ALWAYS"},"minInstances":null,"maxInstances":null,"ingressSettings":null,"environmentVariables":{"LOCATION":"us-central1","GOOGLE_APPLICATION_CREDENTIALS":"./service-account-key.json","GEMINI_API_KEY":"AIzaSyBvdRKCGP0PmzCXP32hZP5Nafk73pEyJGU","AGENT_ID":"ef46fa57-deb0-44a3-be4b-f95e60df65a5","DIALOGFLOW_LOCATION":"us-central1","DIALOGFLOW_AGENT_ID":"ef46fa57-deb0-44a3-be4b-f95e60df65a5","PROJECT_ID":"zynko-34cac","GOOGLE_SERVICE_ACCOUNT_KEY":"ewogICJ0eXBlIjogInNlcnZpY2VfYWNjb3VudCIsCiAgInByb2plY3RfaWQiOiAi enlua28tMzRjYWMiLAogICJwcml2YXRlX2tleV9pZCI6ICIxODlkN2ViZDBiOTM5 ODExODZkMmEzODAzMWU2YmJmNzNhMTYwYWUyIiwKICAicHJpdmF0ZV9rZXkiOiAi LS0tLS1CRUdJTiBQUklWQVRFIEtFWS0tLS0tXG5NSUlFdlFJQkFEQU5CZ2txaGtp Rzl3MEJBUUVGQUFTQ0JLY3dnZ1NqQWdFQUFvSUJBUUN6M0ZCaDBiOFdFajM3XG5I czBmYXZsa2RHSmdtajdDdmVTRllRemRmWWp3YXN5NUt1WFNpY1VSaXFLN3RXUjFu dFZ0QU5xUW81ZWlIaTNuXG5qQTNNaWRoS1lrcnp4d1lZY3VDZWcxV3hadEgzTE1v U1BWakEyNW1lVWNwcjBUaTZjckQ4RmdkL2R4MWhVS3B3XG5vL01iUStNRE9zZWRq VzBRZWd4Sk0rNktGUlkyb0NEWVZwMnRrR3I1YS96cjhLdW9WNGcyaTZkRzdXY253 VjFoXG5uMkljak9Ib04yVGlwWWdLU3JxQytWbHpxWFlYT2xEZ3pwbHUzcklXOEZH Q2ZpV0liNTVCZzgwQWtIdmhPR2pGXG5RMFVrR2EydHpIandqamdnUlRJZEI1RnBQ R3JrR0IwRVRvZzF4Q0dMeXlQVkpkdHlTM2hiYkF0cWdRUXRvdmtkXG5zRUlZdytj bkFnTUJBQUVDZ2dFQVUzSDhFeDRTUndXb251alA1dXNsRUkrVWt0Z05GU0d2czVm dXRaWUg0ZTdTXG4wM2ZORDR4ZWswQmNOclUyQ2dIcVovdVU2N1VTWlNNV1RnNWky b243Z0tzd3RnQVkybC8xeVdVS2JWZFVRNWFTXG5tN3E5Z2lDQUdYMDk2aDZ6OElE RWp2Z1RlM1pDZWNOSWlDRHdhYTVwMUxaQkpWNFhneVQwclVPOFFIRC9FTkVhXG5Y YWNwbFhVQ1Q0aUtvNkJDRjR5OS9kdDVuSXNRd3NTVlZwaVdvMmMwVEYyQ0l1NWJB djVGd1pzQ2lGY3Bvb1NQXG5uS05DUFpnZGxYWE9RSlZZTTVsdlNlY2tzZXA1YVJO QnJsM3YxRFhWQ0lRd2EyODVsMUtvSjRpL1UrM1dqTWhPXG5DRDB4TVhWRUNHS0Vx b0wwOHRVUy85bUJlanYwUHlNa001Sk1hM0w1bVFLQmdRRHhiQTdxeEp2eEVDbGN1 dldEXG5OV3lOcnd4cmFGRlJoZ2UrdFFuOGpNTWFLRUEySlFXZ2VZUDBkaXJ5R3FU NjRWRjhabWZTbklpcVJGUFROdVJGXG5hRjlHMjF2QTVtODVpUnlDOERTaEpXUFp5 bGlPUEVDUG5sME00NEpqU0tBaDAwTWQvV3NjZW40Z2JtQ0h1UU9FXG5vYWN3cmtU Z01VUmFLYk5Vc2ZrVytGMUl1UUtCZ1FDK3VLRE0vaUFITnowdFJxWk15UFZkSUJh d1Ywb2ZQV1VqXG5LcVF5UDdsWkRiTlRTMndWTkhJTXpmZ1ZXdnRZcDhMTVFrMmc1 OCt2NG1DM2xCblA0bXRLUkJWS3ZSak9zb01qXG4zY1pOZFRKcTl6REZoL0t6cTkw TFlSd1VrcGU1OWxNSXJmV2JpbUxEK3J4b3lNRW5IOVhyTW1pcWN2WTdEK0psXG5Q MHRIMnlyKzN3S0JnUURSOTI4SjA3RGtlVy9mekdKV21SSXVMMzRYdEFSMWFLSTN4 SEJKQzR0cnBuSWlKUlM5XG51ckYrM1g4QVRSZ0xjZ2RTc0NXLzBKQXp0WFZLRDBW ODhBZGRNczZiK0UzbnRrM3J1MG1xbFVCQVhIR2tVdGE3XG5rYm5QeWRiT3pvMG1u ZnlUaXFHcmhRVkk0M1prMUE0eFBmNlFvaUFZOUFCRWdsd0xYellLT2p1M1VRS0Jn Rk9mXG5ZaW5mZHEyVFE4aVpSSXRBUll6YVovaFRuWlZLOXhCUFB3VWxPYUJaU0hw S0JJN2JtdklRVVNrVDVrYTk3OFJkXG5nZW4rR2VyMWFCQzE2QWRsTUVPMHpGMGp3 ai9HdDRjL1V4WmRQNGowN3paODRDWjFRWXNldmhBcklrbVFQbUg4XG4zRWFoaTZL QVNxSHErLzJxa01INkxUZ25CZDFwbm90a0VCN21jdGlqQW9HQUFOaGw0ajFsU2VY elI2ZDVNSHo5XG5GTmVKUHRpM2hwRnMzRzZBdmZRSG5tUFlCMW1aYmFNSzZkVkd6 VkhBZ0tXZVNiOFBwZWRQM1JMek9IZzNHU2dNXG5ha0FZTFc2aTF0bjVwYmhKaHN2 U1lqN1diMHh4U1pIV1greHpFa1ZHSVNmemJ1dUU5cSs0M0tvZXRRVnhqa2M4XG5j TmZXdEJhL0szeTNMVWVZTnpubzBVWT1cbi0tLS0tRU5EIFBSSVZBVEUgS0VZLS0t LS1cbiIsCiAgImNsaWVudF9lbWFpbCI6ICJmaXJlYmFzZS1hZG1pbnNkay1mYnN2 Y0B6eW5rby0zNGNhYy5pYW0uZ3NlcnZpY2VhY2NvdW50LmNvbSIsCiAgImNsaWVu dF9pZCI6ICIxMDA1NTYxODgwNDU3OTA2NTU4NzIiLAogICJhdXRoX3VyaSI6ICJo dHRwczovL2FjY291bnRzLmdvb2dsZS5jb20vby9vYXV0aDIvYXV0aCIsCiAgInRv a2VuX3VyaSI6ICJodHRwczovL29hdXRoMi5nb29nbGVhcGlzLmNvbS90b2tlbiIs CiAgImF1dGhfcHJvdmlkZXJfeDUwOV9jZXJ0X3VybCI6ICJodHRwczovL3d3dy5n b29nbGVhcGlzLmNvbS9vYXV0aDIvdjEvY2VydHMiLAogICJjbGllbnRfeDUwOV9j ZXJ0X3VybCI6ICJodHRwczovL3d3dy5nb29nbGVhcGlzLmNvbS9yb2JvdC92MS9t ZXRhZGF0YS94NTA5L2ZpcmViYXNlLWFkbWluc2RrLWZic3ZjJTQwenlua28tMzRj YWMuaWFtLmdzZXJ2aWNlYWNjb3VudC5jb20iLAogICJ1bml2ZXJzZV9kb21haW4i OiAiZ29vZ2xlYXBpcy5jb20iCn0K","FIREBASE_CONFIG":"{\"projectId\":\"zynko-34cac\",\"databaseURL\":\"https://zynko-34cac-default-rtdb.firebaseio.com\",\"storageBucket\":\"zynko-34cac.firebasestorage.app\"}","GCLOUD_PROJECT":"zynko-34cac","EVENTARC_CLOUD_EVENT_SOURCE":"projects/zynko-34cac/locations/us-central1/functions/processQuery"},"serviceAccountEmail":null,"availableMemoryMb":null,"timeout":null,"vpcConnector":null,"vpcConnectorEgressSettings":null,"buildEnvironmentVariables":{"GOOGLE_NODE_RUN_SCRIPTS":""}}
[debug] [2025-04-03T17:51:16.455Z] <<< [apiv2][status] PATCH https://cloudfunctions.googleapis.com/v1/projects/zynko-34cac/locations/us-central1/functions/processQuery 200
[debug] [2025-04-03T17:51:16.455Z] <<< [apiv2][body] PATCH https://cloudfunctions.googleapis.com/v1/projects/zynko-34cac/locations/us-central1/functions/processQuery {"name":"operations/enlua28tMzRjYWMvdXMtY2VudHJhbDEvcHJvY2Vzc1F1ZXJ5L29CMkNPTUM4bUhv","metadata":{"@type":"type.googleapis.com/google.cloud.functions.v1.OperationMetadataV1","target":"projects/zynko-34cac/locations/us-central1/functions/processQuery","type":"UPDATE_FUNCTION","request":{"@type":"type.googleapis.com/google.cloud.functions.v1.CloudFunction","name":"projects/zynko-34cac/locations/us-central1/functions/processQuery","httpsTrigger":{"url":"https://us-central1-zynko-34cac.cloudfunctions.net/processQuery","securityLevel":"SECURE_ALWAYS"},"status":"ACTIVE","entryPoint":"processQuery","updateTime":"2025-04-03T17:20:27.293Z","versionId":"17","labels":{"deployment-tool":"cli-firebase","deployment-callable":"true","firebase-functions-hash":"edaf871c060135d433d4cebdb87268d2686057d1"},"sourceUploadUrl":"https://storage.googleapis.com/uploads-285734307537.us-central1.cloudfunctions.appspot.com/82626765-643d-40fb-a064-a44e16400244.zip?GoogleAccessId=service-94736983827@gcf-admin-robot.iam.gserviceaccount.com&Expires=1743704475&Signature=aW%2BGo3Fy4np8OjusahltAMXcFV9fpGaStKhORYOPzVL7YG9RU0g5SduwNyL9p6jgMaqXZYeFc2SMZWTY5o0PJww0ebsQdtzDOzTcuqHf%2BZR%2BvLk3sE5VHZjp4A3FAm0En5aBc7mgzEf5E4htOq5rbWlu%2FCTWz18iyomL3NQFN%2F4nBCXK72%2B%2B35oqVexhMqlIw%2FoGVU5l2nQb8Qac9g60m1Gwju33rXFwVN4wR2g2C7mcSnlbi9nfChlUta8dP3tMJRrxuEUXDzTiG6BFxGfqgX8lcc2cjgtjVzR4Ll3Em714dxNObzYA2DAaeR8Oe%2BFKUiz1j4%2F%2F8qNFgX8JTC%2B8zw%3D%3D","environmentVariables":{"LOCATION":"us-central1","GOOGLE_APPLICATION_CREDENTIALS":"./service-account-key.json","GEMINI_API_KEY":"AIzaSyBvdRKCGP0PmzCXP32hZP5Nafk73pEyJGU","AGENT_ID":"ef46fa57-deb0-44a3-be4b-f95e60df65a5","DIALOGFLOW_LOCATION":"us-central1","DIALOGFLOW_AGENT_ID":"ef46fa57-deb0-44a3-be4b-f95e60df65a5","PROJECT_ID":"zynko-34cac","GOOGLE_SERVICE_ACCOUNT_KEY":"ewogICJ0eXBlIjogInNlcnZpY2VfYWNjb3VudCIsCiAgInByb2plY3RfaWQiOiAi enlua28tMzRjYWMiLAogICJwcml2YXRlX2tleV9pZCI6ICIxODlkN2ViZDBiOTM5 ODExODZkMmEzODAzMWU2YmJmNzNhMTYwYWUyIiwKICAicHJpdmF0ZV9rZXkiOiAi LS0tLS1CRUdJTiBQUklWQVRFIEtFWS0tLS0tXG5NSUlFdlFJQkFEQU5CZ2txaGtp Rzl3MEJBUUVGQUFTQ0JLY3dnZ1NqQWdFQUFvSUJBUUN6M0ZCaDBiOFdFajM3XG5I czBmYXZsa2RHSmdtajdDdmVTRllRemRmWWp3YXN5NUt1WFNpY1VSaXFLN3RXUjFu dFZ0QU5xUW81ZWlIaTNuXG5qQTNNaWRoS1lrcnp4d1lZY3VDZWcxV3hadEgzTE1v U1BWakEyNW1lVWNwcjBUaTZjckQ4RmdkL2R4MWhVS3B3XG5vL01iUStNRE9zZWRq VzBRZWd4Sk0rNktGUlkyb0NEWVZwMnRrR3I1YS96cjhLdW9WNGcyaTZkRzdXY253 VjFoXG5uMkljak9Ib04yVGlwWWdLU3JxQytWbHpxWFlYT2xEZ3pwbHUzcklXOEZH Q2ZpV0liNTVCZzgwQWtIdmhPR2pGXG5RMFVrR2EydHpIandqamdnUlRJZEI1RnBQ R3JrR0IwRVRvZzF4Q0dMeXlQVkpkdHlTM2hiYkF0cWdRUXRvdmtkXG5zRUlZdytj bkFnTUJBQUVDZ2dFQVUzSDhFeDRTUndXb251alA1dXNsRUkrVWt0Z05GU0d2czVm dXRaWUg0ZTdTXG4wM2ZORDR4ZWswQmNOclUyQ2dIcVovdVU2N1VTWlNNV1RnNWky b243Z0tzd3RnQVkybC8xeVdVS2JWZFVRNWFTXG5tN3E5Z2lDQUdYMDk2aDZ6OElE RWp2Z1RlM1pDZWNOSWlDRHdhYTVwMUxaQkpWNFhneVQwclVPOFFIRC9FTkVhXG5Y YWNwbFhVQ1Q0aUtvNkJDRjR5OS9kdDVuSXNRd3NTVlZwaVdvMmMwVEYyQ0l1NWJB djVGd1pzQ2lGY3Bvb1NQXG5uS05DUFpnZGxYWE9RSlZZTTVsdlNlY2tzZXA1YVJO QnJsM3YxRFhWQ0lRd2EyODVsMUtvSjRpL1UrM1dqTWhPXG5DRDB4TVhWRUNHS0Vx b0wwOHRVUy85bUJlanYwUHlNa001Sk1hM0w1bVFLQmdRRHhiQTdxeEp2eEVDbGN1 dldEXG5OV3lOcnd4cmFGRlJoZ2UrdFFuOGpNTWFLRUEySlFXZ2VZUDBkaXJ5R3FU NjRWRjhabWZTbklpcVJGUFROdVJGXG5hRjlHMjF2QTVtODVpUnlDOERTaEpXUFp5 bGlPUEVDUG5sME00NEpqU0tBaDAwTWQvV3NjZW40Z2JtQ0h1UU9FXG5vYWN3cmtU Z01VUmFLYk5Vc2ZrVytGMUl1UUtCZ1FDK3VLRE0vaUFITnowdFJxWk15UFZkSUJh d1Ywb2ZQV1VqXG5LcVF5UDdsWkRiTlRTMndWTkhJTXpmZ1ZXdnRZcDhMTVFrMmc1 OCt2NG1DM2xCblA0bXRLUkJWS3ZSak9zb01qXG4zY1pOZFRKcTl6REZoL0t6cTkw TFlSd1VrcGU1OWxNSXJmV2JpbUxEK3J4b3lNRW5IOVhyTW1pcWN2WTdEK0psXG5Q MHRIMnlyKzN3S0JnUURSOTI4SjA3RGtlVy9mekdKV21SSXVMMzRYdEFSMWFLSTN4 SEJKQzR0cnBuSWlKUlM5XG51ckYrM1g4QVRSZ0xjZ2RTc0NXLzBKQXp0WFZLRDBW ODhBZGRNczZiK0UzbnRrM3J1MG1xbFVCQVhIR2tVdGE3XG5rYm5QeWRiT3pvMG1u ZnlUaXFHcmhRVkk0M1prMUE0eFBmNlFvaUFZOUFCRWdsd0xYellLT2p1M1VRS0Jn Rk9mXG5ZaW5mZHEyVFE4aVpSSXRBUll6YVovaFRuWlZLOXhCUFB3VWxPYUJaU0hw S0JJN2JtdklRVVNrVDVrYTk3OFJkXG5nZW4rR2VyMWFCQzE2QWRsTUVPMHpGMGp3 ai9HdDRjL1V4WmRQNGowN3paODRDWjFRWXNldmhBcklrbVFQbUg4XG4zRWFoaTZL QVNxSHErLzJxa01INkxUZ25CZDFwbm90a0VCN21jdGlqQW9HQUFOaGw0ajFsU2VY elI2ZDVNSHo5XG5GTmVKUHRpM2hwRnMzRzZBdmZRSG5tUFlCMW1aYmFNSzZkVkd6 VkhBZ0tXZVNiOFBwZWRQM1JMek9IZzNHU2dNXG5ha0FZTFc2aTF0bjVwYmhKaHN2 U1lqN1diMHh4U1pIV1greHpFa1ZHSVNmemJ1dUU5cSs0M0tvZXRRVnhqa2M4XG5j TmZXdEJhL0szeTNMVWVZTnpubzBVWT1cbi0tLS0tRU5EIFBSSVZBVEUgS0VZLS0t LS1cbiIsCiAgImNsaWVudF9lbWFpbCI6ICJmaXJlYmFzZS1hZG1pbnNkay1mYnN2 Y0B6eW5rby0zNGNhYy5pYW0uZ3NlcnZpY2VhY2NvdW50LmNvbSIsCiAgImNsaWVu dF9pZCI6ICIxMDA1NTYxODgwNDU3OTA2NTU4NzIiLAogICJhdXRoX3VyaSI6ICJo dHRwczovL2FjY291bnRzLmdvb2dsZS5jb20vby9vYXV0aDIvYXV0aCIsCiAgInRv a2VuX3VyaSI6ICJodHRwczovL29hdXRoMi5nb29nbGVhcGlzLmNvbS90b2tlbiIs CiAgImF1dGhfcHJvdmlkZXJfeDUwOV9jZXJ0X3VybCI6ICJodHRwczovL3d3dy5n b29nbGVhcGlzLmNvbS9vYXV0aDIvdjEvY2VydHMiLAogICJjbGllbnRfeDUwOV9j ZXJ0X3VybCI6ICJodHRwczovL3d3dy5nb29nbGVhcGlzLmNvbS9yb2JvdC92MS9t ZXRhZGF0YS94NTA5L2ZpcmViYXNlLWFkbWluc2RrLWZic3ZjJTQwenlua28tMzRj YWMuaWFtLmdzZXJ2aWNlYWNjb3VudC5jb20iLAogICJ1bml2ZXJzZV9kb21haW4i OiAiZ29vZ2xlYXBpcy5jb20iCn0K","FIREBASE_CONFIG":"{\"projectId\":\"zynko-34cac\",\"databaseURL\":\"https://zynko-34cac-default-rtdb.firebaseio.com\",\"storageBucket\":\"zynko-34cac.firebasestorage.app\"}","GCLOUD_PROJECT":"zynko-34cac","EVENTARC_CLOUD_EVENT_SOURCE":"projects/zynko-34cac/locations/us-central1/functions/processQuery"},"runtime":"nodejs18","buildId":"3914d1d8-0e24-4080-adda-9bfbdde5ca97","buildEnvironmentVariables":{"GOOGLE_NODE_RUN_SCRIPTS":""},"buildName":"projects/94736983827/locations/us-central1/builds/3914d1d8-0e24-4080-adda-9bfbdde5ca97","dockerRegistry":"ARTIFACT_REGISTRY","automaticUpdatePolicy":{},"buildServiceAccount":"projects/zynko-34cac/serviceAccounts/94736983827-compute@developer.gserviceaccount.com"},"versionId":"18","updateTime":"2025-04-03T17:51:17Z"}}
[debug] [2025-04-03T17:51:16.457Z] Checked if tokens are valid: true, expires at: 1743706165146
[debug] [2025-04-03T17:51:16.457Z] Checked if tokens are valid: true, expires at: 1743706165146
[debug] [2025-04-03T17:51:16.458Z] >>> [apiv2][query] GET https://cloudfunctions.googleapis.com/v1/operations/enlua28tMzRjYWMvdXMtY2VudHJhbDEvcHJvY2Vzc1F1ZXJ5L29CMkNPTUM4bUhv [none]
[debug] [2025-04-03T17:51:17.545Z] <<< [apiv2][status] GET https://cloudfunctions.googleapis.com/v1/operations/enlua28tMzRjYWMvdXMtY2VudHJhbDEvcHJvY2Vzc1F1ZXJ5L29CMkNPTUM4bUhv 200
[debug] [2025-04-03T17:51:17.546Z] <<< [apiv2][body] GET https://cloudfunctions.googleapis.com/v1/operations/enlua28tMzRjYWMvdXMtY2VudHJhbDEvcHJvY2Vzc1F1ZXJ5L29CMkNPTUM4bUhv {"name":"operations/enlua28tMzRjYWMvdXMtY2VudHJhbDEvcHJvY2Vzc1F1ZXJ5L29CMkNPTUM4bUhv","metadata":{"@type":"type.googleapis.com/google.cloud.functions.v1.OperationMetadataV1","target":"projects/zynko-34cac/locations/us-central1/functions/processQuery","type":"UPDATE_FUNCTION","request":{"@type":"type.googleapis.com/google.cloud.functions.v1.CloudFunction","name":"projects/zynko-34cac/locations/us-central1/functions/processQuery","httpsTrigger":{"url":"https://us-central1-zynko-34cac.cloudfunctions.net/processQuery","securityLevel":"SECURE_ALWAYS"},"status":"ACTIVE","entryPoint":"processQuery","updateTime":"2025-04-03T17:20:27.293Z","versionId":"17","labels":{"deployment-tool":"cli-firebase","deployment-callable":"true","firebase-functions-hash":"edaf871c060135d433d4cebdb87268d2686057d1"},"sourceUploadUrl":"https://storage.googleapis.com/uploads-285734307537.us-central1.cloudfunctions.appspot.com/82626765-643d-40fb-a064-a44e16400244.zip?GoogleAccessId=service-94736983827@gcf-admin-robot.iam.gserviceaccount.com&Expires=1743704475&Signature=aW%2BGo3Fy4np8OjusahltAMXcFV9fpGaStKhORYOPzVL7YG9RU0g5SduwNyL9p6jgMaqXZYeFc2SMZWTY5o0PJww0ebsQdtzDOzTcuqHf%2BZR%2BvLk3sE5VHZjp4A3FAm0En5aBc7mgzEf5E4htOq5rbWlu%2FCTWz18iyomL3NQFN%2F4nBCXK72%2B%2B35oqVexhMqlIw%2FoGVU5l2nQb8Qac9g60m1Gwju33rXFwVN4wR2g2C7mcSnlbi9nfChlUta8dP3tMJRrxuEUXDzTiG6BFxGfqgX8lcc2cjgtjVzR4Ll3Em714dxNObzYA2DAaeR8Oe%2BFKUiz1j4%2F%2F8qNFgX8JTC%2B8zw%3D%3D","environmentVariables":{"LOCATION":"us-central1","GOOGLE_APPLICATION_CREDENTIALS":"./service-account-key.json","GEMINI_API_KEY":"AIzaSyBvdRKCGP0PmzCXP32hZP5Nafk73pEyJGU","AGENT_ID":"ef46fa57-deb0-44a3-be4b-f95e60df65a5","DIALOGFLOW_LOCATION":"us-central1","DIALOGFLOW_AGENT_ID":"ef46fa57-deb0-44a3-be4b-f95e60df65a5","PROJECT_ID":"zynko-34cac","GOOGLE_SERVICE_ACCOUNT_KEY":"ewogICJ0eXBlIjogInNlcnZpY2VfYWNjb3VudCIsCiAgInByb2plY3RfaWQiOiAi enlua28tMzRjYWMiLAogICJwcml2YXRlX2tleV9pZCI6ICIxODlkN2ViZDBiOTM5 ODExODZkMmEzODAzMWU2YmJmNzNhMTYwYWUyIiwKICAicHJpdmF0ZV9rZXkiOiAi LS0tLS1CRUdJTiBQUklWQVRFIEtFWS0tLS0tXG5NSUlFdlFJQkFEQU5CZ2txaGtp Rzl3MEJBUUVGQUFTQ0JLY3dnZ1NqQWdFQUFvSUJBUUN6M0ZCaDBiOFdFajM3XG5I czBmYXZsa2RHSmdtajdDdmVTRllRemRmWWp3YXN5NUt1WFNpY1VSaXFLN3RXUjFu dFZ0QU5xUW81ZWlIaTNuXG5qQTNNaWRoS1lrcnp4d1lZY3VDZWcxV3hadEgzTE1v U1BWakEyNW1lVWNwcjBUaTZjckQ4RmdkL2R4MWhVS3B3XG5vL01iUStNRE9zZWRq VzBRZWd4Sk0rNktGUlkyb0NEWVZwMnRrR3I1YS96cjhLdW9WNGcyaTZkRzdXY253 VjFoXG5uMkljak9Ib04yVGlwWWdLU3JxQytWbHpxWFlYT2xEZ3pwbHUzcklXOEZH Q2ZpV0liNTVCZzgwQWtIdmhPR2pGXG5RMFVrR2EydHpIandqamdnUlRJZEI1RnBQ R3JrR0IwRVRvZzF4Q0dMeXlQVkpkdHlTM2hiYkF0cWdRUXRvdmtkXG5zRUlZdytj bkFnTUJBQUVDZ2dFQVUzSDhFeDRTUndXb251alA1dXNsRUkrVWt0Z05GU0d2czVm dXRaWUg0ZTdTXG4wM2ZORDR4ZWswQmNOclUyQ2dIcVovdVU2N1VTWlNNV1RnNWky b243Z0tzd3RnQVkybC8xeVdVS2JWZFVRNWFTXG5tN3E5Z2lDQUdYMDk2aDZ6OElE RWp2Z1RlM1pDZWNOSWlDRHdhYTVwMUxaQkpWNFhneVQwclVPOFFIRC9FTkVhXG5Y YWNwbFhVQ1Q0aUtvNkJDRjR5OS9kdDVuSXNRd3NTVlZwaVdvMmMwVEYyQ0l1NWJB djVGd1pzQ2lGY3Bvb1NQXG5uS05DUFpnZGxYWE9RSlZZTTVsdlNlY2tzZXA1YVJO QnJsM3YxRFhWQ0lRd2EyODVsMUtvSjRpL1UrM1dqTWhPXG5DRDB4TVhWRUNHS0Vx b0wwOHRVUy85bUJlanYwUHlNa001Sk1hM0w1bVFLQmdRRHhiQTdxeEp2eEVDbGN1 dldEXG5OV3lOcnd4cmFGRlJoZ2UrdFFuOGpNTWFLRUEySlFXZ2VZUDBkaXJ5R3FU NjRWRjhabWZTbklpcVJGUFROdVJGXG5hRjlHMjF2QTVtODVpUnlDOERTaEpXUFp5 bGlPUEVDUG5sME00NEpqU0tBaDAwTWQvV3NjZW40Z2JtQ0h1UU9FXG5vYWN3cmtU Z01VUmFLYk5Vc2ZrVytGMUl1UUtCZ1FDK3VLRE0vaUFITnowdFJxWk15UFZkSUJh d1Ywb2ZQV1VqXG5LcVF5UDdsWkRiTlRTMndWTkhJTXpmZ1ZXdnRZcDhMTVFrMmc1 OCt2NG1DM2xCblA0bXRLUkJWS3ZSak9zb01qXG4zY1pOZFRKcTl6REZoL0t6cTkw TFlSd1VrcGU1OWxNSXJmV2JpbUxEK3J4b3lNRW5IOVhyTW1pcWN2WTdEK0psXG5Q MHRIMnlyKzN3S0JnUURSOTI4SjA3RGtlVy9mekdKV21SSXVMMzRYdEFSMWFLSTN4 SEJKQzR0cnBuSWlKUlM5XG51ckYrM1g4QVRSZ0xjZ2RTc0NXLzBKQXp0WFZLRDBW ODhBZGRNczZiK0UzbnRrM3J1MG1xbFVCQVhIR2tVdGE3XG5rYm5QeWRiT3pvMG1u ZnlUaXFHcmhRVkk0M1prMUE0eFBmNlFvaUFZOUFCRWdsd0xYellLT2p1M1VRS0Jn Rk9mXG5ZaW5mZHEyVFE4aVpSSXRBUll6YVovaFRuWlZLOXhCUFB3VWxPYUJaU0hw S0JJN2JtdklRVVNrVDVrYTk3OFJkXG5nZW4rR2VyMWFCQzE2QWRsTUVPMHpGMGp3 ai9HdDRjL1V4WmRQNGowN3paODRDWjFRWXNldmhBcklrbVFQbUg4XG4zRWFoaTZL QVNxSHErLzJxa01INkxUZ25CZDFwbm90a0VCN21jdGlqQW9HQUFOaGw0ajFsU2VY elI2ZDVNSHo5XG5GTmVKUHRpM2hwRnMzRzZBdmZRSG5tUFlCMW1aYmFNSzZkVkd6 VkhBZ0tXZVNiOFBwZWRQM1JMek9IZzNHU2dNXG5ha0FZTFc2aTF0bjVwYmhKaHN2 U1lqN1diMHh4U1pIV1greHpFa1ZHSVNmemJ1dUU5cSs0M0tvZXRRVnhqa2M4XG5j TmZXdEJhL0szeTNMVWVZTnpubzBVWT1cbi0tLS0tRU5EIFBSSVZBVEUgS0VZLS0t LS1cbiIsCiAgImNsaWVudF9lbWFpbCI6ICJmaXJlYmFzZS1hZG1pbnNkay1mYnN2 Y0B6eW5rby0zNGNhYy5pYW0uZ3NlcnZpY2VhY2NvdW50LmNvbSIsCiAgImNsaWVu dF9pZCI6ICIxMDA1NTYxODgwNDU3OTA2NTU4NzIiLAogICJhdXRoX3VyaSI6ICJo dHRwczovL2FjY291bnRzLmdvb2dsZS5jb20vby9vYXV0aDIvYXV0aCIsCiAgInRv a2VuX3VyaSI6ICJodHRwczovL29hdXRoMi5nb29nbGVhcGlzLmNvbS90b2tlbiIs CiAgImF1dGhfcHJvdmlkZXJfeDUwOV9jZXJ0X3VybCI6ICJodHRwczovL3d3dy5n b29nbGVhcGlzLmNvbS9vYXV0aDIvdjEvY2VydHMiLAogICJjbGllbnRfeDUwOV9j ZXJ0X3VybCI6ICJodHRwczovL3d3dy5nb29nbGVhcGlzLmNvbS9yb2JvdC92MS9t ZXRhZGF0YS94NTA5L2ZpcmViYXNlLWFkbWluc2RrLWZic3ZjJTQwenlua28tMzRj YWMuaWFtLmdzZXJ2aWNlYWNjb3VudC5jb20iLAogICJ1bml2ZXJzZV9kb21haW4i OiAiZ29vZ2xlYXBpcy5jb20iCn0K","FIREBASE_CONFIG":"{\"projectId\":\"zynko-34cac\",\"databaseURL\":\"https://zynko-34cac-default-rtdb.firebaseio.com\",\"storageBucket\":\"zynko-34cac.firebasestorage.app\"}","GCLOUD_PROJECT":"zynko-34cac","EVENTARC_CLOUD_EVENT_SOURCE":"projects/zynko-34cac/locations/us-central1/functions/processQuery"},"runtime":"nodejs18","buildId":"3914d1d8-0e24-4080-adda-9bfbdde5ca97","buildEnvironmentVariables":{"GOOGLE_NODE_RUN_SCRIPTS":""},"buildName":"projects/94736983827/locations/us-central1/builds/3914d1d8-0e24-4080-adda-9bfbdde5ca97","dockerRegistry":"ARTIFACT_REGISTRY","automaticUpdatePolicy":{},"buildServiceAccount":"projects/zynko-34cac/serviceAccounts/94736983827-compute@developer.gserviceaccount.com"},"versionId":"18","updateTime":"2025-04-03T17:51:17Z"}}
[debug] [2025-04-03T17:51:18.060Z] [update-default-us-central1-processQuery] Retrying task index 0
[debug] [2025-04-03T17:51:18.060Z] Checked if tokens are valid: true, expires at: 1743706165146
[debug] [2025-04-03T17:51:18.060Z] Checked if tokens are valid: true, expires at: 1743706165146
[debug] [2025-04-03T17:51:18.060Z] >>> [apiv2][query] GET https://cloudfunctions.googleapis.com/v1/operations/enlua28tMzRjYWMvdXMtY2VudHJhbDEvcHJvY2Vzc1F1ZXJ5L29CMkNPTUM4bUhv [none]
[debug] [2025-04-03T17:51:19.138Z] <<< [apiv2][status] GET https://cloudfunctions.googleapis.com/v1/operations/enlua28tMzRjYWMvdXMtY2VudHJhbDEvcHJvY2Vzc1F1ZXJ5L29CMkNPTUM4bUhv 200
[debug] [2025-04-03T17:51:19.139Z] <<< [apiv2][body] GET https://cloudfunctions.googleapis.com/v1/operations/enlua28tMzRjYWMvdXMtY2VudHJhbDEvcHJvY2Vzc1F1ZXJ5L29CMkNPTUM4bUhv {"name":"operations/enlua28tMzRjYWMvdXMtY2VudHJhbDEvcHJvY2Vzc1F1ZXJ5L29CMkNPTUM4bUhv","metadata":{"@type":"type.googleapis.com/google.cloud.functions.v1.OperationMetadataV1","target":"projects/zynko-34cac/locations/us-central1/functions/processQuery","type":"UPDATE_FUNCTION","request":{"@type":"type.googleapis.com/google.cloud.functions.v1.CloudFunction","name":"projects/zynko-34cac/locations/us-central1/functions/processQuery","httpsTrigger":{"url":"https://us-central1-zynko-34cac.cloudfunctions.net/processQuery","securityLevel":"SECURE_ALWAYS"},"status":"ACTIVE","entryPoint":"processQuery","updateTime":"2025-04-03T17:20:27.293Z","versionId":"17","labels":{"deployment-tool":"cli-firebase","deployment-callable":"true","firebase-functions-hash":"edaf871c060135d433d4cebdb87268d2686057d1"},"sourceUploadUrl":"https://storage.googleapis.com/uploads-285734307537.us-central1.cloudfunctions.appspot.com/82626765-643d-40fb-a064-a44e16400244.zip?GoogleAccessId=service-94736983827@gcf-admin-robot.iam.gserviceaccount.com&Expires=1743704475&Signature=aW%2BGo3Fy4np8OjusahltAMXcFV9fpGaStKhORYOPzVL7YG9RU0g5SduwNyL9p6jgMaqXZYeFc2SMZWTY5o0PJww0ebsQdtzDOzTcuqHf%2BZR%2BvLk3sE5VHZjp4A3FAm0En5aBc7mgzEf5E4htOq5rbWlu%2FCTWz18iyomL3NQFN%2F4nBCXK72%2B%2B35oqVexhMqlIw%2FoGVU5l2nQb8Qac9g60m1Gwju33rXFwVN4wR2g2C7mcSnlbi9nfChlUta8dP3tMJRrxuEUXDzTiG6BFxGfqgX8lcc2cjgtjVzR4Ll3Em714dxNObzYA2DAaeR8Oe%2BFKUiz1j4%2F%2F8qNFgX8JTC%2B8zw%3D%3D","environmentVariables":{"LOCATION":"us-central1","GOOGLE_APPLICATION_CREDENTIALS":"./service-account-key.json","GEMINI_API_KEY":"AIzaSyBvdRKCGP0PmzCXP32hZP5Nafk73pEyJGU","AGENT_ID":"ef46fa57-deb0-44a3-be4b-f95e60df65a5","DIALOGFLOW_LOCATION":"us-central1","DIALOGFLOW_AGENT_ID":"ef46fa57-deb0-44a3-be4b-f95e60df65a5","PROJECT_ID":"zynko-34cac","GOOGLE_SERVICE_ACCOUNT_KEY":"ewogICJ0eXBlIjogInNlcnZpY2VfYWNjb3VudCIsCiAgInByb2plY3RfaWQiOiAi enlua28tMzRjYWMiLAogICJwcml2YXRlX2tleV9pZCI6ICIxODlkN2ViZDBiOTM5 ODExODZkMmEzODAzMWU2YmJmNzNhMTYwYWUyIiwKICAicHJpdmF0ZV9rZXkiOiAi LS0tLS1CRUdJTiBQUklWQVRFIEtFWS0tLS0tXG5NSUlFdlFJQkFEQU5CZ2txaGtp Rzl3MEJBUUVGQUFTQ0JLY3dnZ1NqQWdFQUFvSUJBUUN6M0ZCaDBiOFdFajM3XG5I czBmYXZsa2RHSmdtajdDdmVTRllRemRmWWp3YXN5NUt1WFNpY1VSaXFLN3RXUjFu dFZ0QU5xUW81ZWlIaTNuXG5qQTNNaWRoS1lrcnp4d1lZY3VDZWcxV3hadEgzTE1v U1BWakEyNW1lVWNwcjBUaTZjckQ4RmdkL2R4MWhVS3B3XG5vL01iUStNRE9zZWRq VzBRZWd4Sk0rNktGUlkyb0NEWVZwMnRrR3I1YS96cjhLdW9WNGcyaTZkRzdXY253 VjFoXG5uMkljak9Ib04yVGlwWWdLU3JxQytWbHpxWFlYT2xEZ3pwbHUzcklXOEZH Q2ZpV0liNTVCZzgwQWtIdmhPR2pGXG5RMFVrR2EydHpIandqamdnUlRJZEI1RnBQ R3JrR0IwRVRvZzF4Q0dMeXlQVkpkdHlTM2hiYkF0cWdRUXRvdmtkXG5zRUlZdytj bkFnTUJBQUVDZ2dFQVUzSDhFeDRTUndXb251alA1dXNsRUkrVWt0Z05GU0d2czVm dXRaWUg0ZTdTXG4wM2ZORDR4ZWswQmNOclUyQ2dIcVovdVU2N1VTWlNNV1RnNWky b243Z0tzd3RnQVkybC8xeVdVS2JWZFVRNWFTXG5tN3E5Z2lDQUdYMDk2aDZ6OElE RWp2Z1RlM1pDZWNOSWlDRHdhYTVwMUxaQkpWNFhneVQwclVPOFFIRC9FTkVhXG5Y YWNwbFhVQ1Q0aUtvNkJDRjR5OS9kdDVuSXNRd3NTVlZwaVdvMmMwVEYyQ0l1NWJB djVGd1pzQ2lGY3Bvb1NQXG5uS05DUFpnZGxYWE9RSlZZTTVsdlNlY2tzZXA1YVJO QnJsM3YxRFhWQ0lRd2EyODVsMUtvSjRpL1UrM1dqTWhPXG5DRDB4TVhWRUNHS0Vx b0wwOHRVUy85bUJlanYwUHlNa001Sk1hM0w1bVFLQmdRRHhiQTdxeEp2eEVDbGN1 dldEXG5OV3lOcnd4cmFGRlJoZ2UrdFFuOGpNTWFLRUEySlFXZ2VZUDBkaXJ5R3FU NjRWRjhabWZTbklpcVJGUFROdVJGXG5hRjlHMjF2QTVtODVpUnlDOERTaEpXUFp5 bGlPUEVDUG5sME00NEpqU0tBaDAwTWQvV3NjZW40Z2JtQ0h1UU9FXG5vYWN3cmtU Z01VUmFLYk5Vc2ZrVytGMUl1UUtCZ1FDK3VLRE0vaUFITnowdFJxWk15UFZkSUJh d1Ywb2ZQV1VqXG5LcVF5UDdsWkRiTlRTMndWTkhJTXpmZ1ZXdnRZcDhMTVFrMmc1 OCt2NG1DM2xCblA0bXRLUkJWS3ZSak9zb01qXG4zY1pOZFRKcTl6REZoL0t6cTkw TFlSd1VrcGU1OWxNSXJmV2JpbUxEK3J4b3lNRW5IOVhyTW1pcWN2WTdEK0psXG5Q MHRIMnlyKzN3S0JnUURSOTI4SjA3RGtlVy9mekdKV21SSXVMMzRYdEFSMWFLSTN4 SEJKQzR0cnBuSWlKUlM5XG51ckYrM1g4QVRSZ0xjZ2RTc0NXLzBKQXp0WFZLRDBW ODhBZGRNczZiK0UzbnRrM3J1MG1xbFVCQVhIR2tVdGE3XG5rYm5QeWRiT3pvMG1u ZnlUaXFHcmhRVkk0M1prMUE0eFBmNlFvaUFZOUFCRWdsd0xYellLT2p1M1VRS0Jn Rk9mXG5ZaW5mZHEyVFE4aVpSSXRBUll6YVovaFRuWlZLOXhCUFB3VWxPYUJaU0hw S0JJN2JtdklRVVNrVDVrYTk3OFJkXG5nZW4rR2VyMWFCQzE2QWRsTUVPMHpGMGp3 ai9HdDRjL1V4WmRQNGowN3paODRDWjFRWXNldmhBcklrbVFQbUg4XG4zRWFoaTZL QVNxSHErLzJxa01INkxUZ25CZDFwbm90a0VCN21jdGlqQW9HQUFOaGw0ajFsU2VY elI2ZDVNSHo5XG5GTmVKUHRpM2hwRnMzRzZBdmZRSG5tUFlCMW1aYmFNSzZkVkd6 VkhBZ0tXZVNiOFBwZWRQM1JMek9IZzNHU2dNXG5ha0FZTFc2aTF0bjVwYmhKaHN2 U1lqN1diMHh4U1pIV1greHpFa1ZHSVNmemJ1dUU5cSs0M0tvZXRRVnhqa2M4XG5j TmZXdEJhL0szeTNMVWVZTnpubzBVWT1cbi0tLS0tRU5EIFBSSVZBVEUgS0VZLS0t LS1cbiIsCiAgImNsaWVudF9lbWFpbCI6ICJmaXJlYmFzZS1hZG1pbnNkay1mYnN2 Y0B6eW5rby0zNGNhYy5pYW0uZ3NlcnZpY2VhY2NvdW50LmNvbSIsCiAgImNsaWVu dF9pZCI6ICIxMDA1NTYxODgwNDU3OTA2NTU4NzIiLAogICJhdXRoX3VyaSI6ICJo dHRwczovL2FjY291bnRzLmdvb2dsZS5jb20vby9vYXV0aDIvYXV0aCIsCiAgInRv a2VuX3VyaSI6ICJodHRwczovL29hdXRoMi5nb29nbGVhcGlzLmNvbS90b2tlbiIs CiAgImF1dGhfcHJvdmlkZXJfeDUwOV9jZXJ0X3VybCI6ICJodHRwczovL3d3dy5n b29nbGVhcGlzLmNvbS9vYXV0aDIvdjEvY2VydHMiLAogICJjbGllbnRfeDUwOV9j ZXJ0X3VybCI6ICJodHRwczovL3d3dy5nb29nbGVhcGlzLmNvbS9yb2JvdC92MS9t ZXRhZGF0YS94NTA5L2ZpcmViYXNlLWFkbWluc2RrLWZic3ZjJTQwenlua28tMzRj YWMuaWFtLmdzZXJ2aWNlYWNjb3VudC5jb20iLAogICJ1bml2ZXJzZV9kb21haW4i OiAiZ29vZ2xlYXBpcy5jb20iCn0K","FIREBASE_CONFIG":"{\"projectId\":\"zynko-34cac\",\"databaseURL\":\"https://zynko-34cac-default-rtdb.firebaseio.com\",\"storageBucket\":\"zynko-34cac.firebasestorage.app\"}","GCLOUD_PROJECT":"zynko-34cac","EVENTARC_CLOUD_EVENT_SOURCE":"projects/zynko-34cac/locations/us-central1/functions/processQuery"},"runtime":"nodejs18","buildId":"3914d1d8-0e24-4080-adda-9bfbdde5ca97","buildEnvironmentVariables":{"GOOGLE_NODE_RUN_SCRIPTS":""},"buildName":"projects/94736983827/locations/us-central1/builds/3914d1d8-0e24-4080-adda-9bfbdde5ca97","dockerRegistry":"ARTIFACT_REGISTRY","automaticUpdatePolicy":{},"buildServiceAccount":"projects/zynko-34cac/serviceAccounts/94736983827-compute@developer.gserviceaccount.com"},"versionId":"18","updateTime":"2025-04-03T17:51:17Z","buildId":"04ca7c88-18f1-4c01-882e-7e0bf366f285","buildName":"projects/94736983827/locations/us-central1/builds/04ca7c88-18f1-4c01-882e-7e0bf366f285"}}
[debug] [2025-04-03T17:51:20.153Z] [update-default-us-central1-processQuery] Retrying task index 0
[debug] [2025-04-03T17:51:20.154Z] Checked if tokens are valid: true, expires at: 1743706165146
[debug] [2025-04-03T17:51:20.154Z] Checked if tokens are valid: true, expires at: 1743706165146
[debug] [2025-04-03T17:51:20.155Z] >>> [apiv2][query] GET https://cloudfunctions.googleapis.com/v1/operations/enlua28tMzRjYWMvdXMtY2VudHJhbDEvcHJvY2Vzc1F1ZXJ5L29CMkNPTUM4bUhv [none]
[debug] [2025-04-03T17:51:20.910Z] <<< [apiv2][status] GET https://cloudfunctions.googleapis.com/v1/operations/enlua28tMzRjYWMvdXMtY2VudHJhbDEvcHJvY2Vzc1F1ZXJ5L29CMkNPTUM4bUhv 200
[debug] [2025-04-03T17:51:20.911Z] <<< [apiv2][body] GET https://cloudfunctions.googleapis.com/v1/operations/enlua28tMzRjYWMvdXMtY2VudHJhbDEvcHJvY2Vzc1F1ZXJ5L29CMkNPTUM4bUhv {"name":"operations/enlua28tMzRjYWMvdXMtY2VudHJhbDEvcHJvY2Vzc1F1ZXJ5L29CMkNPTUM4bUhv","metadata":{"@type":"type.googleapis.com/google.cloud.functions.v1.OperationMetadataV1","target":"projects/zynko-34cac/locations/us-central1/functions/processQuery","type":"UPDATE_FUNCTION","request":{"@type":"type.googleapis.com/google.cloud.functions.v1.CloudFunction","name":"projects/zynko-34cac/locations/us-central1/functions/processQuery","httpsTrigger":{"url":"https://us-central1-zynko-34cac.cloudfunctions.net/processQuery","securityLevel":"SECURE_ALWAYS"},"status":"ACTIVE","entryPoint":"processQuery","updateTime":"2025-04-03T17:20:27.293Z","versionId":"17","labels":{"deployment-tool":"cli-firebase","deployment-callable":"true","firebase-functions-hash":"edaf871c060135d433d4cebdb87268d2686057d1"},"sourceUploadUrl":"https://storage.googleapis.com/uploads-285734307537.us-central1.cloudfunctions.appspot.com/82626765-643d-40fb-a064-a44e16400244.zip?GoogleAccessId=service-94736983827@gcf-admin-robot.iam.gserviceaccount.com&Expires=1743704475&Signature=aW%2BGo3Fy4np8OjusahltAMXcFV9fpGaStKhORYOPzVL7YG9RU0g5SduwNyL9p6jgMaqXZYeFc2SMZWTY5o0PJww0ebsQdtzDOzTcuqHf%2BZR%2BvLk3sE5VHZjp4A3FAm0En5aBc7mgzEf5E4htOq5rbWlu%2FCTWz18iyomL3NQFN%2F4nBCXK72%2B%2B35oqVexhMqlIw%2FoGVU5l2nQb8Qac9g60m1Gwju33rXFwVN4wR2g2C7mcSnlbi9nfChlUta8dP3tMJRrxuEUXDzTiG6BFxGfqgX8lcc2cjgtjVzR4Ll3Em714dxNObzYA2DAaeR8Oe%2BFKUiz1j4%2F%2F8qNFgX8JTC%2B8zw%3D%3D","environmentVariables":{"LOCATION":"us-central1","GOOGLE_APPLICATION_CREDENTIALS":"./service-account-key.json","GEMINI_API_KEY":"AIzaSyBvdRKCGP0PmzCXP32hZP5Nafk73pEyJGU","AGENT_ID":"ef46fa57-deb0-44a3-be4b-f95e60df65a5","DIALOGFLOW_LOCATION":"us-central1","DIALOGFLOW_AGENT_ID":"ef46fa57-deb0-44a3-be4b-f95e60df65a5","PROJECT_ID":"zynko-34cac","GOOGLE_SERVICE_ACCOUNT_KEY":"ewogICJ0eXBlIjogInNlcnZpY2VfYWNjb3VudCIsCiAgInByb2plY3RfaWQiOiAi enlua28tMzRjYWMiLAogICJwcml2YXRlX2tleV9pZCI6ICIxODlkN2ViZDBiOTM5 ODExODZkMmEzODAzMWU2YmJmNzNhMTYwYWUyIiwKICAicHJpdmF0ZV9rZXkiOiAi LS0tLS1CRUdJTiBQUklWQVRFIEtFWS0tLS0tXG5NSUlFdlFJQkFEQU5CZ2txaGtp Rzl3MEJBUUVGQUFTQ0JLY3dnZ1NqQWdFQUFvSUJBUUN6M0ZCaDBiOFdFajM3XG5I czBmYXZsa2RHSmdtajdDdmVTRllRemRmWWp3YXN5NUt1WFNpY1VSaXFLN3RXUjFu dFZ0QU5xUW81ZWlIaTNuXG5qQTNNaWRoS1lrcnp4d1lZY3VDZWcxV3hadEgzTE1v U1BWakEyNW1lVWNwcjBUaTZjckQ4RmdkL2R4MWhVS3B3XG5vL01iUStNRE9zZWRq VzBRZWd4Sk0rNktGUlkyb0NEWVZwMnRrR3I1YS96cjhLdW9WNGcyaTZkRzdXY253 VjFoXG5uMkljak9Ib04yVGlwWWdLU3JxQytWbHpxWFlYT2xEZ3pwbHUzcklXOEZH Q2ZpV0liNTVCZzgwQWtIdmhPR2pGXG5RMFVrR2EydHpIandqamdnUlRJZEI1RnBQ R3JrR0IwRVRvZzF4Q0dMeXlQVkpkdHlTM2hiYkF0cWdRUXRvdmtkXG5zRUlZdytj bkFnTUJBQUVDZ2dFQVUzSDhFeDRTUndXb251alA1dXNsRUkrVWt0Z05GU0d2czVm dXRaWUg0ZTdTXG4wM2ZORDR4ZWswQmNOclUyQ2dIcVovdVU2N1VTWlNNV1RnNWky b243Z0tzd3RnQVkybC8xeVdVS2JWZFVRNWFTXG5tN3E5Z2lDQUdYMDk2aDZ6OElE RWp2Z1RlM1pDZWNOSWlDRHdhYTVwMUxaQkpWNFhneVQwclVPOFFIRC9FTkVhXG5Y YWNwbFhVQ1Q0aUtvNkJDRjR5OS9kdDVuSXNRd3NTVlZwaVdvMmMwVEYyQ0l1NWJB djVGd1pzQ2lGY3Bvb1NQXG5uS05DUFpnZGxYWE9RSlZZTTVsdlNlY2tzZXA1YVJO QnJsM3YxRFhWQ0lRd2EyODVsMUtvSjRpL1UrM1dqTWhPXG5DRDB4TVhWRUNHS0Vx b0wwOHRVUy85bUJlanYwUHlNa001Sk1hM0w1bVFLQmdRRHhiQTdxeEp2eEVDbGN1 dldEXG5OV3lOcnd4cmFGRlJoZ2UrdFFuOGpNTWFLRUEySlFXZ2VZUDBkaXJ5R3FU NjRWRjhabWZTbklpcVJGUFROdVJGXG5hRjlHMjF2QTVtODVpUnlDOERTaEpXUFp5 bGlPUEVDUG5sME00NEpqU0tBaDAwTWQvV3NjZW40Z2JtQ0h1UU9FXG5vYWN3cmtU Z01VUmFLYk5Vc2ZrVytGMUl1UUtCZ1FDK3VLRE0vaUFITnowdFJxWk15UFZkSUJh d1Ywb2ZQV1VqXG5LcVF5UDdsWkRiTlRTMndWTkhJTXpmZ1ZXdnRZcDhMTVFrMmc1 OCt2NG1DM2xCblA0bXRLUkJWS3ZSak9zb01qXG4zY1pOZFRKcTl6REZoL0t6cTkw TFlSd1VrcGU1OWxNSXJmV2JpbUxEK3J4b3lNRW5IOVhyTW1pcWN2WTdEK0psXG5Q MHRIMnlyKzN3S0JnUURSOTI4SjA3RGtlVy9mekdKV21SSXVMMzRYdEFSMWFLSTN4 SEJKQzR0cnBuSWlKUlM5XG51ckYrM1g4QVRSZ0xjZ2RTc0NXLzBKQXp0WFZLRDBW ODhBZGRNczZiK0UzbnRrM3J1MG1xbFVCQVhIR2tVdGE3XG5rYm5QeWRiT3pvMG1u ZnlUaXFHcmhRVkk0M1prMUE0eFBmNlFvaUFZOUFCRWdsd0xYellLT2p1M1VRS0Jn Rk9mXG5ZaW5mZHEyVFE4aVpSSXRBUll6YVovaFRuWlZLOXhCUFB3VWxPYUJaU0hw S0JJN2JtdklRVVNrVDVrYTk3OFJkXG5nZW4rR2VyMWFCQzE2QWRsTUVPMHpGMGp3 ai9HdDRjL1V4WmRQNGowN3paODRDWjFRWXNldmhBcklrbVFQbUg4XG4zRWFoaTZL QVNxSHErLzJxa01INkxUZ25CZDFwbm90a0VCN21jdGlqQW9HQUFOaGw0ajFsU2VY elI2ZDVNSHo5XG5GTmVKUHRpM2hwRnMzRzZBdmZRSG5tUFlCMW1aYmFNSzZkVkd6 VkhBZ0tXZVNiOFBwZWRQM1JMek9IZzNHU2dNXG5ha0FZTFc2aTF0bjVwYmhKaHN2 U1lqN1diMHh4U1pIV1greHpFa1ZHSVNmemJ1dUU5cSs0M0tvZXRRVnhqa2M4XG5j TmZXdEJhL0szeTNMVWVZTnpubzBVWT1cbi0tLS0tRU5EIFBSSVZBVEUgS0VZLS0t LS1cbiIsCiAgImNsaWVudF9lbWFpbCI6ICJmaXJlYmFzZS1hZG1pbnNkay1mYnN2 Y0B6eW5rby0zNGNhYy5pYW0uZ3NlcnZpY2VhY2NvdW50LmNvbSIsCiAgImNsaWVu dF9pZCI6ICIxMDA1NTYxODgwNDU3OTA2NTU4NzIiLAogICJhdXRoX3VyaSI6ICJo dHRwczovL2FjY291bnRzLmdvb2dsZS5jb20vby9vYXV0aDIvYXV0aCIsCiAgInRv a2VuX3VyaSI6ICJodHRwczovL29hdXRoMi5nb29nbGVhcGlzLmNvbS90b2tlbiIs CiAgImF1dGhfcHJvdmlkZXJfeDUwOV9jZXJ0X3VybCI6ICJodHRwczovL3d3dy5n b29nbGVhcGlzLmNvbS9vYXV0aDIvdjEvY2VydHMiLAogICJjbGllbnRfeDUwOV9j ZXJ0X3VybCI6ICJodHRwczovL3d3dy5nb29nbGVhcGlzLmNvbS9yb2JvdC92MS9t ZXRhZGF0YS94NTA5L2ZpcmViYXNlLWFkbWluc2RrLWZic3ZjJTQwenlua28tMzRj YWMuaWFtLmdzZXJ2aWNlYWNjb3VudC5jb20iLAogICJ1bml2ZXJzZV9kb21haW4i OiAiZ29vZ2xlYXBpcy5jb20iCn0K","FIREBASE_CONFIG":"{\"projectId\":\"zynko-34cac\",\"databaseURL\":\"https://zynko-34cac-default-rtdb.firebaseio.com\",\"storageBucket\":\"zynko-34cac.firebasestorage.app\"}","GCLOUD_PROJECT":"zynko-34cac","EVENTARC_CLOUD_EVENT_SOURCE":"projects/zynko-34cac/locations/us-central1/functions/processQuery"},"runtime":"nodejs18","buildId":"3914d1d8-0e24-4080-adda-9bfbdde5ca97","buildEnvironmentVariables":{"GOOGLE_NODE_RUN_SCRIPTS":""},"buildName":"projects/94736983827/locations/us-central1/builds/3914d1d8-0e24-4080-adda-9bfbdde5ca97","dockerRegistry":"ARTIFACT_REGISTRY","automaticUpdatePolicy":{},"buildServiceAccount":"projects/zynko-34cac/serviceAccounts/94736983827-compute@developer.gserviceaccount.com"},"versionId":"18","updateTime":"2025-04-03T17:51:17Z","buildId":"04ca7c88-18f1-4c01-882e-7e0bf366f285","buildName":"projects/94736983827/locations/us-central1/builds/04ca7c88-18f1-4c01-882e-7e0bf366f285"}}
[debug] [2025-04-03T17:51:22.921Z] [update-default-us-central1-processQuery] Retrying task index 0
[debug] [2025-04-03T17:51:22.921Z] Checked if tokens are valid: true, expires at: 1743706165146
[debug] [2025-04-03T17:51:22.921Z] Checked if tokens are valid: true, expires at: 1743706165146
[debug] [2025-04-03T17:51:22.922Z] >>> [apiv2][query] GET https://cloudfunctions.googleapis.com/v1/operations/enlua28tMzRjYWMvdXMtY2VudHJhbDEvcHJvY2Vzc1F1ZXJ5L29CMkNPTUM4bUhv [none]
[debug] [2025-04-03T17:51:23.628Z] <<< [apiv2][status] GET https://cloudfunctions.googleapis.com/v1/operations/enlua28tMzRjYWMvdXMtY2VudHJhbDEvcHJvY2Vzc1F1ZXJ5L29CMkNPTUM4bUhv 200
[debug] [2025-04-03T17:51:23.629Z] <<< [apiv2][body] GET https://cloudfunctions.googleapis.com/v1/operations/enlua28tMzRjYWMvdXMtY2VudHJhbDEvcHJvY2Vzc1F1ZXJ5L29CMkNPTUM4bUhv {"name":"operations/enlua28tMzRjYWMvdXMtY2VudHJhbDEvcHJvY2Vzc1F1ZXJ5L29CMkNPTUM4bUhv","metadata":{"@type":"type.googleapis.com/google.cloud.functions.v1.OperationMetadataV1","target":"projects/zynko-34cac/locations/us-central1/functions/processQuery","type":"UPDATE_FUNCTION","request":{"@type":"type.googleapis.com/google.cloud.functions.v1.CloudFunction","name":"projects/zynko-34cac/locations/us-central1/functions/processQuery","httpsTrigger":{"url":"https://us-central1-zynko-34cac.cloudfunctions.net/processQuery","securityLevel":"SECURE_ALWAYS"},"status":"ACTIVE","entryPoint":"processQuery","updateTime":"2025-04-03T17:20:27.293Z","versionId":"17","labels":{"deployment-tool":"cli-firebase","deployment-callable":"true","firebase-functions-hash":"edaf871c060135d433d4cebdb87268d2686057d1"},"sourceUploadUrl":"https://storage.googleapis.com/uploads-285734307537.us-central1.cloudfunctions.appspot.com/82626765-643d-40fb-a064-a44e16400244.zip?GoogleAccessId=service-94736983827@gcf-admin-robot.iam.gserviceaccount.com&Expires=1743704475&Signature=aW%2BGo3Fy4np8OjusahltAMXcFV9fpGaStKhORYOPzVL7YG9RU0g5SduwNyL9p6jgMaqXZYeFc2SMZWTY5o0PJww0ebsQdtzDOzTcuqHf%2BZR%2BvLk3sE5VHZjp4A3FAm0En5aBc7mgzEf5E4htOq5rbWlu%2FCTWz18iyomL3NQFN%2F4nBCXK72%2B%2B35oqVexhMqlIw%2FoGVU5l2nQb8Qac9g60m1Gwju33rXFwVN4wR2g2C7mcSnlbi9nfChlUta8dP3tMJRrxuEUXDzTiG6BFxGfqgX8lcc2cjgtjVzR4Ll3Em714dxNObzYA2DAaeR8Oe%2BFKUiz1j4%2F%2F8qNFgX8JTC%2B8zw%3D%3D","environmentVariables":{"LOCATION":"us-central1","GOOGLE_APPLICATION_CREDENTIALS":"./service-account-key.json","GEMINI_API_KEY":"AIzaSyBvdRKCGP0PmzCXP32hZP5Nafk73pEyJGU","AGENT_ID":"ef46fa57-deb0-44a3-be4b-f95e60df65a5","DIALOGFLOW_LOCATION":"us-central1","DIALOGFLOW_AGENT_ID":"ef46fa57-deb0-44a3-be4b-f95e60df65a5","PROJECT_ID":"zynko-34cac","GOOGLE_SERVICE_ACCOUNT_KEY":"ewogICJ0eXBlIjogInNlcnZpY2VfYWNjb3VudCIsCiAgInByb2plY3RfaWQiOiAi enlua28tMzRjYWMiLAogICJwcml2YXRlX2tleV9pZCI6ICIxODlkN2ViZDBiOTM5 ODExODZkMmEzODAzMWU2YmJmNzNhMTYwYWUyIiwKICAicHJpdmF0ZV9rZXkiOiAi LS0tLS1CRUdJTiBQUklWQVRFIEtFWS0tLS0tXG5NSUlFdlFJQkFEQU5CZ2txaGtp Rzl3MEJBUUVGQUFTQ0JLY3dnZ1NqQWdFQUFvSUJBUUN6M0ZCaDBiOFdFajM3XG5I czBmYXZsa2RHSmdtajdDdmVTRllRemRmWWp3YXN5NUt1WFNpY1VSaXFLN3RXUjFu dFZ0QU5xUW81ZWlIaTNuXG5qQTNNaWRoS1lrcnp4d1lZY3VDZWcxV3hadEgzTE1v U1BWakEyNW1lVWNwcjBUaTZjckQ4RmdkL2R4MWhVS3B3XG5vL01iUStNRE9zZWRq VzBRZWd4Sk0rNktGUlkyb0NEWVZwMnRrR3I1YS96cjhLdW9WNGcyaTZkRzdXY253 VjFoXG5uMkljak9Ib04yVGlwWWdLU3JxQytWbHpxWFlYT2xEZ3pwbHUzcklXOEZH Q2ZpV0liNTVCZzgwQWtIdmhPR2pGXG5RMFVrR2EydHpIandqamdnUlRJZEI1RnBQ R3JrR0IwRVRvZzF4Q0dMeXlQVkpkdHlTM2hiYkF0cWdRUXRvdmtkXG5zRUlZdytj bkFnTUJBQUVDZ2dFQVUzSDhFeDRTUndXb251alA1dXNsRUkrVWt0Z05GU0d2czVm dXRaWUg0ZTdTXG4wM2ZORDR4ZWswQmNOclUyQ2dIcVovdVU2N1VTWlNNV1RnNWky b243Z0tzd3RnQVkybC8xeVdVS2JWZFVRNWFTXG5tN3E5Z2lDQUdYMDk2aDZ6OElE RWp2Z1RlM1pDZWNOSWlDRHdhYTVwMUxaQkpWNFhneVQwclVPOFFIRC9FTkVhXG5Y YWNwbFhVQ1Q0aUtvNkJDRjR5OS9kdDVuSXNRd3NTVlZwaVdvMmMwVEYyQ0l1NWJB djVGd1pzQ2lGY3Bvb1NQXG5uS05DUFpnZGxYWE9RSlZZTTVsdlNlY2tzZXA1YVJO QnJsM3YxRFhWQ0lRd2EyODVsMUtvSjRpL1UrM1dqTWhPXG5DRDB4TVhWRUNHS0Vx b0wwOHRVUy85bUJlanYwUHlNa001Sk1hM0w1bVFLQmdRRHhiQTdxeEp2eEVDbGN1 dldEXG5OV3lOcnd4cmFGRlJoZ2UrdFFuOGpNTWFLRUEySlFXZ2VZUDBkaXJ5R3FU NjRWRjhabWZTbklpcVJGUFROdVJGXG5hRjlHMjF2QTVtODVpUnlDOERTaEpXUFp5 bGlPUEVDUG5sME00NEpqU0tBaDAwTWQvV3NjZW40Z2JtQ0h1UU9FXG5vYWN3cmtU Z01VUmFLYk5Vc2ZrVytGMUl1UUtCZ1FDK3VLRE0vaUFITnowdFJxWk15UFZkSUJh d1Ywb2ZQV1VqXG5LcVF5UDdsWkRiTlRTMndWTkhJTXpmZ1ZXdnRZcDhMTVFrMmc1 OCt2NG1DM2xCblA0bXRLUkJWS3ZSak9zb01qXG4zY1pOZFRKcTl6REZoL0t6cTkw TFlSd1VrcGU1OWxNSXJmV2JpbUxEK3J4b3lNRW5IOVhyTW1pcWN2WTdEK0psXG5Q MHRIMnlyKzN3S0JnUURSOTI4SjA3RGtlVy9mekdKV21SSXVMMzRYdEFSMWFLSTN4 SEJKQzR0cnBuSWlKUlM5XG51ckYrM1g4QVRSZ0xjZ2RTc0NXLzBKQXp0WFZLRDBW ODhBZGRNczZiK0UzbnRrM3J1MG1xbFVCQVhIR2tVdGE3XG5rYm5QeWRiT3pvMG1u ZnlUaXFHcmhRVkk0M1prMUE0eFBmNlFvaUFZOUFCRWdsd0xYellLT2p1M1VRS0Jn Rk9mXG5ZaW5mZHEyVFE4aVpSSXRBUll6YVovaFRuWlZLOXhCUFB3VWxPYUJaU0hw S0JJN2JtdklRVVNrVDVrYTk3OFJkXG5nZW4rR2VyMWFCQzE2QWRsTUVPMHpGMGp3 ai9HdDRjL1V4WmRQNGowN3paODRDWjFRWXNldmhBcklrbVFQbUg4XG4zRWFoaTZL QVNxSHErLzJxa01INkxUZ25CZDFwbm90a0VCN21jdGlqQW9HQUFOaGw0ajFsU2VY elI2ZDVNSHo5XG5GTmVKUHRpM2hwRnMzRzZBdmZRSG5tUFlCMW1aYmFNSzZkVkd6 VkhBZ0tXZVNiOFBwZWRQM1JMek9IZzNHU2dNXG5ha0FZTFc2aTF0bjVwYmhKaHN2 U1lqN1diMHh4U1pIV1greHpFa1ZHSVNmemJ1dUU5cSs0M0tvZXRRVnhqa2M4XG5j TmZXdEJhL0szeTNMVWVZTnpubzBVWT1cbi0tLS0tRU5EIFBSSVZBVEUgS0VZLS0t LS1cbiIsCiAgImNsaWVudF9lbWFpbCI6ICJmaXJlYmFzZS1hZG1pbnNkay1mYnN2 Y0B6eW5rby0zNGNhYy5pYW0uZ3NlcnZpY2VhY2NvdW50LmNvbSIsCiAgImNsaWVu dF9pZCI6ICIxMDA1NTYxODgwNDU3OTA2NTU4NzIiLAogICJhdXRoX3VyaSI6ICJo dHRwczovL2FjY291bnRzLmdvb2dsZS5jb20vby9vYXV0aDIvYXV0aCIsCiAgInRv a2VuX3VyaSI6ICJodHRwczovL29hdXRoMi5nb29nbGVhcGlzLmNvbS90b2tlbiIs CiAgImF1dGhfcHJvdmlkZXJfeDUwOV9jZXJ0X3VybCI6ICJodHRwczovL3d3dy5n b29nbGVhcGlzLmNvbS9vYXV0aDIvdjEvY2VydHMiLAogICJjbGllbnRfeDUwOV9j ZXJ0X3VybCI6ICJodHRwczovL3d3dy5nb29nbGVhcGlzLmNvbS9yb2JvdC92MS9t ZXRhZGF0YS94NTA5L2ZpcmViYXNlLWFkbWluc2RrLWZic3ZjJTQwenlua28tMzRj YWMuaWFtLmdzZXJ2aWNlYWNjb3VudC5jb20iLAogICJ1bml2ZXJzZV9kb21haW4i OiAiZ29vZ2xlYXBpcy5jb20iCn0K","FIREBASE_CONFIG":"{\"projectId\":\"zynko-34cac\",\"databaseURL\":\"https://zynko-34cac-default-rtdb.firebaseio.com\",\"storageBucket\":\"zynko-34cac.firebasestorage.app\"}","GCLOUD_PROJECT":"zynko-34cac","EVENTARC_CLOUD_EVENT_SOURCE":"projects/zynko-34cac/locations/us-central1/functions/processQuery"},"runtime":"nodejs18","buildId":"3914d1d8-0e24-4080-adda-9bfbdde5ca97","buildEnvironmentVariables":{"GOOGLE_NODE_RUN_SCRIPTS":""},"buildName":"projects/94736983827/locations/us-central1/builds/3914d1d8-0e24-4080-adda-9bfbdde5ca97","dockerRegistry":"ARTIFACT_REGISTRY","automaticUpdatePolicy":{},"buildServiceAccount":"projects/zynko-34cac/serviceAccounts/94736983827-compute@developer.gserviceaccount.com"},"versionId":"18","updateTime":"2025-04-03T17:51:17Z","buildId":"04ca7c88-18f1-4c01-882e-7e0bf366f285","buildName":"projects/94736983827/locations/us-central1/builds/04ca7c88-18f1-4c01-882e-7e0bf366f285"}}
[debug] [2025-04-03T17:51:27.633Z] [update-default-us-central1-processQuery] Retrying task index 0
[debug] [2025-04-03T17:51:27.634Z] Checked if tokens are valid: true, expires at: 1743706165146
[debug] [2025-04-03T17:51:27.634Z] Checked if tokens are valid: true, expires at: 1743706165146
[debug] [2025-04-03T17:51:27.634Z] >>> [apiv2][query] GET https://cloudfunctions.googleapis.com/v1/operations/enlua28tMzRjYWMvdXMtY2VudHJhbDEvcHJvY2Vzc1F1ZXJ5L29CMkNPTUM4bUhv [none]
[debug] [2025-04-03T17:51:28.349Z] <<< [apiv2][status] GET https://cloudfunctions.googleapis.com/v1/operations/enlua28tMzRjYWMvdXMtY2VudHJhbDEvcHJvY2Vzc1F1ZXJ5L29CMkNPTUM4bUhv 200
[debug] [2025-04-03T17:51:28.350Z] <<< [apiv2][body] GET https://cloudfunctions.googleapis.com/v1/operations/enlua28tMzRjYWMvdXMtY2VudHJhbDEvcHJvY2Vzc1F1ZXJ5L29CMkNPTUM4bUhv {"name":"operations/enlua28tMzRjYWMvdXMtY2VudHJhbDEvcHJvY2Vzc1F1ZXJ5L29CMkNPTUM4bUhv","metadata":{"@type":"type.googleapis.com/google.cloud.functions.v1.OperationMetadataV1","target":"projects/zynko-34cac/locations/us-central1/functions/processQuery","type":"UPDATE_FUNCTION","request":{"@type":"type.googleapis.com/google.cloud.functions.v1.CloudFunction","name":"projects/zynko-34cac/locations/us-central1/functions/processQuery","httpsTrigger":{"url":"https://us-central1-zynko-34cac.cloudfunctions.net/processQuery","securityLevel":"SECURE_ALWAYS"},"status":"ACTIVE","entryPoint":"processQuery","updateTime":"2025-04-03T17:20:27.293Z","versionId":"17","labels":{"deployment-tool":"cli-firebase","deployment-callable":"true","firebase-functions-hash":"edaf871c060135d433d4cebdb87268d2686057d1"},"sourceUploadUrl":"https://storage.googleapis.com/uploads-285734307537.us-central1.cloudfunctions.appspot.com/82626765-643d-40fb-a064-a44e16400244.zip?GoogleAccessId=service-94736983827@gcf-admin-robot.iam.gserviceaccount.com&Expires=1743704475&Signature=aW%2BGo3Fy4np8OjusahltAMXcFV9fpGaStKhORYOPzVL7YG9RU0g5SduwNyL9p6jgMaqXZYeFc2SMZWTY5o0PJww0ebsQdtzDOzTcuqHf%2BZR%2BvLk3sE5VHZjp4A3FAm0En5aBc7mgzEf5E4htOq5rbWlu%2FCTWz18iyomL3NQFN%2F4nBCXK72%2B%2B35oqVexhMqlIw%2FoGVU5l2nQb8Qac9g60m1Gwju33rXFwVN4wR2g2C7mcSnlbi9nfChlUta8dP3tMJRrxuEUXDzTiG6BFxGfqgX8lcc2cjgtjVzR4Ll3Em714dxNObzYA2DAaeR8Oe%2BFKUiz1j4%2F%2F8qNFgX8JTC%2B8zw%3D%3D","environmentVariables":{"LOCATION":"us-central1","GOOGLE_APPLICATION_CREDENTIALS":"./service-account-key.json","GEMINI_API_KEY":"AIzaSyBvdRKCGP0PmzCXP32hZP5Nafk73pEyJGU","AGENT_ID":"ef46fa57-deb0-44a3-be4b-f95e60df65a5","DIALOGFLOW_LOCATION":"us-central1","DIALOGFLOW_AGENT_ID":"ef46fa57-deb0-44a3-be4b-f95e60df65a5","PROJECT_ID":"zynko-34cac","GOOGLE_SERVICE_ACCOUNT_KEY":"ewogICJ0eXBlIjogInNlcnZpY2VfYWNjb3VudCIsCiAgInByb2plY3RfaWQiOiAi enlua28tMzRjYWMiLAogICJwcml2YXRlX2tleV9pZCI6ICIxODlkN2ViZDBiOTM5 ODExODZkMmEzODAzMWU2YmJmNzNhMTYwYWUyIiwKICAicHJpdmF0ZV9rZXkiOiAi LS0tLS1CRUdJTiBQUklWQVRFIEtFWS0tLS0tXG5NSUlFdlFJQkFEQU5CZ2txaGtp Rzl3MEJBUUVGQUFTQ0JLY3dnZ1NqQWdFQUFvSUJBUUN6M0ZCaDBiOFdFajM3XG5I czBmYXZsa2RHSmdtajdDdmVTRllRemRmWWp3YXN5NUt1WFNpY1VSaXFLN3RXUjFu dFZ0QU5xUW81ZWlIaTNuXG5qQTNNaWRoS1lrcnp4d1lZY3VDZWcxV3hadEgzTE1v U1BWakEyNW1lVWNwcjBUaTZjckQ4RmdkL2R4MWhVS3B3XG5vL01iUStNRE9zZWRq VzBRZWd4Sk0rNktGUlkyb0NEWVZwMnRrR3I1YS96cjhLdW9WNGcyaTZkRzdXY253 VjFoXG5uMkljak9Ib04yVGlwWWdLU3JxQytWbHpxWFlYT2xEZ3pwbHUzcklXOEZH Q2ZpV0liNTVCZzgwQWtIdmhPR2pGXG5RMFVrR2EydHpIandqamdnUlRJZEI1RnBQ R3JrR0IwRVRvZzF4Q0dMeXlQVkpkdHlTM2hiYkF0cWdRUXRvdmtkXG5zRUlZdytj bkFnTUJBQUVDZ2dFQVUzSDhFeDRTUndXb251alA1dXNsRUkrVWt0Z05GU0d2czVm dXRaWUg0ZTdTXG4wM2ZORDR4ZWswQmNOclUyQ2dIcVovdVU2N1VTWlNNV1RnNWky b243Z0tzd3RnQVkybC8xeVdVS2JWZFVRNWFTXG5tN3E5Z2lDQUdYMDk2aDZ6OElE RWp2Z1RlM1pDZWNOSWlDRHdhYTVwMUxaQkpWNFhneVQwclVPOFFIRC9FTkVhXG5Y YWNwbFhVQ1Q0aUtvNkJDRjR5OS9kdDVuSXNRd3NTVlZwaVdvMmMwVEYyQ0l1NWJB djVGd1pzQ2lGY3Bvb1NQXG5uS05DUFpnZGxYWE9RSlZZTTVsdlNlY2tzZXA1YVJO QnJsM3YxRFhWQ0lRd2EyODVsMUtvSjRpL1UrM1dqTWhPXG5DRDB4TVhWRUNHS0Vx b0wwOHRVUy85bUJlanYwUHlNa001Sk1hM0w1bVFLQmdRRHhiQTdxeEp2eEVDbGN1 dldEXG5OV3lOcnd4cmFGRlJoZ2UrdFFuOGpNTWFLRUEySlFXZ2VZUDBkaXJ5R3FU NjRWRjhabWZTbklpcVJGUFROdVJGXG5hRjlHMjF2QTVtODVpUnlDOERTaEpXUFp5 bGlPUEVDUG5sME00NEpqU0tBaDAwTWQvV3NjZW40Z2JtQ0h1UU9FXG5vYWN3cmtU Z01VUmFLYk5Vc2ZrVytGMUl1UUtCZ1FDK3VLRE0vaUFITnowdFJxWk15UFZkSUJh d1Ywb2ZQV1VqXG5LcVF5UDdsWkRiTlRTMndWTkhJTXpmZ1ZXdnRZcDhMTVFrMmc1 OCt2NG1DM2xCblA0bXRLUkJWS3ZSak9zb01qXG4zY1pOZFRKcTl6REZoL0t6cTkw TFlSd1VrcGU1OWxNSXJmV2JpbUxEK3J4b3lNRW5IOVhyTW1pcWN2WTdEK0psXG5Q MHRIMnlyKzN3S0JnUURSOTI4SjA3RGtlVy9mekdKV21SSXVMMzRYdEFSMWFLSTN4 SEJKQzR0cnBuSWlKUlM5XG51ckYrM1g4QVRSZ0xjZ2RTc0NXLzBKQXp0WFZLRDBW ODhBZGRNczZiK0UzbnRrM3J1MG1xbFVCQVhIR2tVdGE3XG5rYm5QeWRiT3pvMG1u ZnlUaXFHcmhRVkk0M1prMUE0eFBmNlFvaUFZOUFCRWdsd0xYellLT2p1M1VRS0Jn Rk9mXG5ZaW5mZHEyVFE4aVpSSXRBUll6YVovaFRuWlZLOXhCUFB3VWxPYUJaU0hw S0JJN2JtdklRVVNrVDVrYTk3OFJkXG5nZW4rR2VyMWFCQzE2QWRsTUVPMHpGMGp3 ai9HdDRjL1V4WmRQNGowN3paODRDWjFRWXNldmhBcklrbVFQbUg4XG4zRWFoaTZL QVNxSHErLzJxa01INkxUZ25CZDFwbm90a0VCN21jdGlqQW9HQUFOaGw0ajFsU2VY elI2ZDVNSHo5XG5GTmVKUHRpM2hwRnMzRzZBdmZRSG5tUFlCMW1aYmFNSzZkVkd6 VkhBZ0tXZVNiOFBwZWRQM1JMek9IZzNHU2dNXG5ha0FZTFc2aTF0bjVwYmhKaHN2 U1lqN1diMHh4U1pIV1greHpFa1ZHSVNmemJ1dUU5cSs0M0tvZXRRVnhqa2M4XG5j TmZXdEJhL0szeTNMVWVZTnpubzBVWT1cbi0tLS0tRU5EIFBSSVZBVEUgS0VZLS0t LS1cbiIsCiAgImNsaWVudF9lbWFpbCI6ICJmaXJlYmFzZS1hZG1pbnNkay1mYnN2 Y0B6eW5rby0zNGNhYy5pYW0uZ3NlcnZpY2VhY2NvdW50LmNvbSIsCiAgImNsaWVu dF9pZCI6ICIxMDA1NTYxODgwNDU3OTA2NTU4NzIiLAogICJhdXRoX3VyaSI6ICJo dHRwczovL2FjY291bnRzLmdvb2dsZS5jb20vby9vYXV0aDIvYXV0aCIsCiAgInRv a2VuX3VyaSI6ICJodHRwczovL29hdXRoMi5nb29nbGVhcGlzLmNvbS90b2tlbiIs CiAgImF1dGhfcHJvdmlkZXJfeDUwOV9jZXJ0X3VybCI6ICJodHRwczovL3d3dy5n b29nbGVhcGlzLmNvbS9vYXV0aDIvdjEvY2VydHMiLAogICJjbGllbnRfeDUwOV9j ZXJ0X3VybCI6ICJodHRwczovL3d3dy5nb29nbGVhcGlzLmNvbS9yb2JvdC92MS9t ZXRhZGF0YS94NTA5L2ZpcmViYXNlLWFkbWluc2RrLWZic3ZjJTQwenlua28tMzRj YWMuaWFtLmdzZXJ2aWNlYWNjb3VudC5jb20iLAogICJ1bml2ZXJzZV9kb21haW4i OiAiZ29vZ2xlYXBpcy5jb20iCn0K","FIREBASE_CONFIG":"{\"projectId\":\"zynko-34cac\",\"databaseURL\":\"https://zynko-34cac-default-rtdb.firebaseio.com\",\"storageBucket\":\"zynko-34cac.firebasestorage.app\"}","GCLOUD_PROJECT":"zynko-34cac","EVENTARC_CLOUD_EVENT_SOURCE":"projects/zynko-34cac/locations/us-central1/functions/processQuery"},"runtime":"nodejs18","buildId":"3914d1d8-0e24-4080-adda-9bfbdde5ca97","buildEnvironmentVariables":{"GOOGLE_NODE_RUN_SCRIPTS":""},"buildName":"projects/94736983827/locations/us-central1/builds/3914d1d8-0e24-4080-adda-9bfbdde5ca97","dockerRegistry":"ARTIFACT_REGISTRY","automaticUpdatePolicy":{},"buildServiceAccount":"projects/zynko-34cac/serviceAccounts/94736983827-compute@developer.gserviceaccount.com"},"versionId":"18","updateTime":"2025-04-03T17:51:17Z","buildId":"04ca7c88-18f1-4c01-882e-7e0bf366f285","buildName":"projects/94736983827/locations/us-central1/builds/04ca7c88-18f1-4c01-882e-7e0bf366f285"}}
[debug] [2025-04-03T17:51:36.362Z] [update-default-us-central1-processQuery] Retrying task index 0
[debug] [2025-04-03T17:51:36.363Z] Checked if tokens are valid: true, expires at: 1743706165146
[debug] [2025-04-03T17:51:36.363Z] Checked if tokens are valid: true, expires at: 1743706165146
[debug] [2025-04-03T17:51:36.364Z] >>> [apiv2][query] GET https://cloudfunctions.googleapis.com/v1/operations/enlua28tMzRjYWMvdXMtY2VudHJhbDEvcHJvY2Vzc1F1ZXJ5L29CMkNPTUM4bUhv [none]
[debug] [2025-04-03T17:51:37.112Z] <<< [apiv2][status] GET https://cloudfunctions.googleapis.com/v1/operations/enlua28tMzRjYWMvdXMtY2VudHJhbDEvcHJvY2Vzc1F1ZXJ5L29CMkNPTUM4bUhv 200
[debug] [2025-04-03T17:51:37.112Z] <<< [apiv2][body] GET https://cloudfunctions.googleapis.com/v1/operations/enlua28tMzRjYWMvdXMtY2VudHJhbDEvcHJvY2Vzc1F1ZXJ5L29CMkNPTUM4bUhv {"name":"operations/enlua28tMzRjYWMvdXMtY2VudHJhbDEvcHJvY2Vzc1F1ZXJ5L29CMkNPTUM4bUhv","metadata":{"@type":"type.googleapis.com/google.cloud.functions.v1.OperationMetadataV1","target":"projects/zynko-34cac/locations/us-central1/functions/processQuery","type":"UPDATE_FUNCTION","request":{"@type":"type.googleapis.com/google.cloud.functions.v1.CloudFunction","name":"projects/zynko-34cac/locations/us-central1/functions/processQuery","httpsTrigger":{"url":"https://us-central1-zynko-34cac.cloudfunctions.net/processQuery","securityLevel":"SECURE_ALWAYS"},"status":"ACTIVE","entryPoint":"processQuery","updateTime":"2025-04-03T17:20:27.293Z","versionId":"17","labels":{"deployment-tool":"cli-firebase","deployment-callable":"true","firebase-functions-hash":"edaf871c060135d433d4cebdb87268d2686057d1"},"sourceUploadUrl":"https://storage.googleapis.com/uploads-285734307537.us-central1.cloudfunctions.appspot.com/82626765-643d-40fb-a064-a44e16400244.zip?GoogleAccessId=service-94736983827@gcf-admin-robot.iam.gserviceaccount.com&Expires=1743704475&Signature=aW%2BGo3Fy4np8OjusahltAMXcFV9fpGaStKhORYOPzVL7YG9RU0g5SduwNyL9p6jgMaqXZYeFc2SMZWTY5o0PJww0ebsQdtzDOzTcuqHf%2BZR%2BvLk3sE5VHZjp4A3FAm0En5aBc7mgzEf5E4htOq5rbWlu%2FCTWz18iyomL3NQFN%2F4nBCXK72%2B%2B35oqVexhMqlIw%2FoGVU5l2nQb8Qac9g60m1Gwju33rXFwVN4wR2g2C7mcSnlbi9nfChlUta8dP3tMJRrxuEUXDzTiG6BFxGfqgX8lcc2cjgtjVzR4Ll3Em714dxNObzYA2DAaeR8Oe%2BFKUiz1j4%2F%2F8qNFgX8JTC%2B8zw%3D%3D","environmentVariables":{"LOCATION":"us-central1","GOOGLE_APPLICATION_CREDENTIALS":"./service-account-key.json","GEMINI_API_KEY":"AIzaSyBvdRKCGP0PmzCXP32hZP5Nafk73pEyJGU","AGENT_ID":"ef46fa57-deb0-44a3-be4b-f95e60df65a5","DIALOGFLOW_LOCATION":"us-central1","DIALOGFLOW_AGENT_ID":"ef46fa57-deb0-44a3-be4b-f95e60df65a5","PROJECT_ID":"zynko-34cac","GOOGLE_SERVICE_ACCOUNT_KEY":"ewogICJ0eXBlIjogInNlcnZpY2VfYWNjb3VudCIsCiAgInByb2plY3RfaWQiOiAi enlua28tMzRjYWMiLAogICJwcml2YXRlX2tleV9pZCI6ICIxODlkN2ViZDBiOTM5 ODExODZkMmEzODAzMWU2YmJmNzNhMTYwYWUyIiwKICAicHJpdmF0ZV9rZXkiOiAi LS0tLS1CRUdJTiBQUklWQVRFIEtFWS0tLS0tXG5NSUlFdlFJQkFEQU5CZ2txaGtp Rzl3MEJBUUVGQUFTQ0JLY3dnZ1NqQWdFQUFvSUJBUUN6M0ZCaDBiOFdFajM3XG5I czBmYXZsa2RHSmdtajdDdmVTRllRemRmWWp3YXN5NUt1WFNpY1VSaXFLN3RXUjFu dFZ0QU5xUW81ZWlIaTNuXG5qQTNNaWRoS1lrcnp4d1lZY3VDZWcxV3hadEgzTE1v U1BWakEyNW1lVWNwcjBUaTZjckQ4RmdkL2R4MWhVS3B3XG5vL01iUStNRE9zZWRq VzBRZWd4Sk0rNktGUlkyb0NEWVZwMnRrR3I1YS96cjhLdW9WNGcyaTZkRzdXY253 VjFoXG5uMkljak9Ib04yVGlwWWdLU3JxQytWbHpxWFlYT2xEZ3pwbHUzcklXOEZH Q2ZpV0liNTVCZzgwQWtIdmhPR2pGXG5RMFVrR2EydHpIandqamdnUlRJZEI1RnBQ R3JrR0IwRVRvZzF4Q0dMeXlQVkpkdHlTM2hiYkF0cWdRUXRvdmtkXG5zRUlZdytj bkFnTUJBQUVDZ2dFQVUzSDhFeDRTUndXb251alA1dXNsRUkrVWt0Z05GU0d2czVm dXRaWUg0ZTdTXG4wM2ZORDR4ZWswQmNOclUyQ2dIcVovdVU2N1VTWlNNV1RnNWky b243Z0tzd3RnQVkybC8xeVdVS2JWZFVRNWFTXG5tN3E5Z2lDQUdYMDk2aDZ6OElE RWp2Z1RlM1pDZWNOSWlDRHdhYTVwMUxaQkpWNFhneVQwclVPOFFIRC9FTkVhXG5Y YWNwbFhVQ1Q0aUtvNkJDRjR5OS9kdDVuSXNRd3NTVlZwaVdvMmMwVEYyQ0l1NWJB djVGd1pzQ2lGY3Bvb1NQXG5uS05DUFpnZGxYWE9RSlZZTTVsdlNlY2tzZXA1YVJO QnJsM3YxRFhWQ0lRd2EyODVsMUtvSjRpL1UrM1dqTWhPXG5DRDB4TVhWRUNHS0Vx b0wwOHRVUy85bUJlanYwUHlNa001Sk1hM0w1bVFLQmdRRHhiQTdxeEp2eEVDbGN1 dldEXG5OV3lOcnd4cmFGRlJoZ2UrdFFuOGpNTWFLRUEySlFXZ2VZUDBkaXJ5R3FU NjRWRjhabWZTbklpcVJGUFROdVJGXG5hRjlHMjF2QTVtODVpUnlDOERTaEpXUFp5 bGlPUEVDUG5sME00NEpqU0tBaDAwTWQvV3NjZW40Z2JtQ0h1UU9FXG5vYWN3cmtU Z01VUmFLYk5Vc2ZrVytGMUl1UUtCZ1FDK3VLRE0vaUFITnowdFJxWk15UFZkSUJh d1Ywb2ZQV1VqXG5LcVF5UDdsWkRiTlRTMndWTkhJTXpmZ1ZXdnRZcDhMTVFrMmc1 OCt2NG1DM2xCblA0bXRLUkJWS3ZSak9zb01qXG4zY1pOZFRKcTl6REZoL0t6cTkw TFlSd1VrcGU1OWxNSXJmV2JpbUxEK3J4b3lNRW5IOVhyTW1pcWN2WTdEK0psXG5Q MHRIMnlyKzN3S0JnUURSOTI4SjA3RGtlVy9mekdKV21SSXVMMzRYdEFSMWFLSTN4 SEJKQzR0cnBuSWlKUlM5XG51ckYrM1g4QVRSZ0xjZ2RTc0NXLzBKQXp0WFZLRDBW ODhBZGRNczZiK0UzbnRrM3J1MG1xbFVCQVhIR2tVdGE3XG5rYm5QeWRiT3pvMG1u ZnlUaXFHcmhRVkk0M1prMUE0eFBmNlFvaUFZOUFCRWdsd0xYellLT2p1M1VRS0Jn Rk9mXG5ZaW5mZHEyVFE4aVpSSXRBUll6YVovaFRuWlZLOXhCUFB3VWxPYUJaU0hw S0JJN2JtdklRVVNrVDVrYTk3OFJkXG5nZW4rR2VyMWFCQzE2QWRsTUVPMHpGMGp3 ai9HdDRjL1V4WmRQNGowN3paODRDWjFRWXNldmhBcklrbVFQbUg4XG4zRWFoaTZL QVNxSHErLzJxa01INkxUZ25CZDFwbm90a0VCN21jdGlqQW9HQUFOaGw0ajFsU2VY elI2ZDVNSHo5XG5GTmVKUHRpM2hwRnMzRzZBdmZRSG5tUFlCMW1aYmFNSzZkVkd6 VkhBZ0tXZVNiOFBwZWRQM1JMek9IZzNHU2dNXG5ha0FZTFc2aTF0bjVwYmhKaHN2 U1lqN1diMHh4U1pIV1greHpFa1ZHSVNmemJ1dUU5cSs0M0tvZXRRVnhqa2M4XG5j TmZXdEJhL0szeTNMVWVZTnpubzBVWT1cbi0tLS0tRU5EIFBSSVZBVEUgS0VZLS0t LS1cbiIsCiAgImNsaWVudF9lbWFpbCI6ICJmaXJlYmFzZS1hZG1pbnNkay1mYnN2 Y0B6eW5rby0zNGNhYy5pYW0uZ3NlcnZpY2VhY2NvdW50LmNvbSIsCiAgImNsaWVu dF9pZCI6ICIxMDA1NTYxODgwNDU3OTA2NTU4NzIiLAogICJhdXRoX3VyaSI6ICJo dHRwczovL2FjY291bnRzLmdvb2dsZS5jb20vby9vYXV0aDIvYXV0aCIsCiAgInRv a2VuX3VyaSI6ICJodHRwczovL29hdXRoMi5nb29nbGVhcGlzLmNvbS90b2tlbiIs CiAgImF1dGhfcHJvdmlkZXJfeDUwOV9jZXJ0X3VybCI6ICJodHRwczovL3d3dy5n b29nbGVhcGlzLmNvbS9vYXV0aDIvdjEvY2VydHMiLAogICJjbGllbnRfeDUwOV9j ZXJ0X3VybCI6ICJodHRwczovL3d3dy5nb29nbGVhcGlzLmNvbS9yb2JvdC92MS9t ZXRhZGF0YS94NTA5L2ZpcmViYXNlLWFkbWluc2RrLWZic3ZjJTQwenlua28tMzRj YWMuaWFtLmdzZXJ2aWNlYWNjb3VudC5jb20iLAogICJ1bml2ZXJzZV9kb21haW4i OiAiZ29vZ2xlYXBpcy5jb20iCn0K","FIREBASE_CONFIG":"{\"projectId\":\"zynko-34cac\",\"databaseURL\":\"https://zynko-34cac-default-rtdb.firebaseio.com\",\"storageBucket\":\"zynko-34cac.firebasestorage.app\"}","GCLOUD_PROJECT":"zynko-34cac","EVENTARC_CLOUD_EVENT_SOURCE":"projects/zynko-34cac/locations/us-central1/functions/processQuery"},"runtime":"nodejs18","buildId":"3914d1d8-0e24-4080-adda-9bfbdde5ca97","buildEnvironmentVariables":{"GOOGLE_NODE_RUN_SCRIPTS":""},"buildName":"projects/94736983827/locations/us-central1/builds/3914d1d8-0e24-4080-adda-9bfbdde5ca97","dockerRegistry":"ARTIFACT_REGISTRY","automaticUpdatePolicy":{},"buildServiceAccount":"projects/zynko-34cac/serviceAccounts/94736983827-compute@developer.gserviceaccount.com"},"versionId":"18","updateTime":"2025-04-03T17:51:17Z","buildId":"04ca7c88-18f1-4c01-882e-7e0bf366f285","buildName":"projects/94736983827/locations/us-central1/builds/04ca7c88-18f1-4c01-882e-7e0bf366f285"}}
[debug] [2025-04-03T17:51:47.123Z] [update-default-us-central1-processQuery] Retrying task index 0
[debug] [2025-04-03T17:51:47.123Z] Checked if tokens are valid: true, expires at: 1743706165146
[debug] [2025-04-03T17:51:47.123Z] Checked if tokens are valid: true, expires at: 1743706165146
[debug] [2025-04-03T17:51:47.124Z] >>> [apiv2][query] GET https://cloudfunctions.googleapis.com/v1/operations/enlua28tMzRjYWMvdXMtY2VudHJhbDEvcHJvY2Vzc1F1ZXJ5L29CMkNPTUM4bUhv [none]
[debug] [2025-04-03T17:51:47.755Z] <<< [apiv2][status] GET https://cloudfunctions.googleapis.com/v1/operations/enlua28tMzRjYWMvdXMtY2VudHJhbDEvcHJvY2Vzc1F1ZXJ5L29CMkNPTUM4bUhv 200
[debug] [2025-04-03T17:51:47.755Z] <<< [apiv2][body] GET https://cloudfunctions.googleapis.com/v1/operations/enlua28tMzRjYWMvdXMtY2VudHJhbDEvcHJvY2Vzc1F1ZXJ5L29CMkNPTUM4bUhv {"name":"operations/enlua28tMzRjYWMvdXMtY2VudHJhbDEvcHJvY2Vzc1F1ZXJ5L29CMkNPTUM4bUhv","metadata":{"@type":"type.googleapis.com/google.cloud.functions.v1.OperationMetadataV1","target":"projects/zynko-34cac/locations/us-central1/functions/processQuery","type":"UPDATE_FUNCTION","request":{"@type":"type.googleapis.com/google.cloud.functions.v1.CloudFunction","name":"projects/zynko-34cac/locations/us-central1/functions/processQuery","httpsTrigger":{"url":"https://us-central1-zynko-34cac.cloudfunctions.net/processQuery","securityLevel":"SECURE_ALWAYS"},"status":"ACTIVE","entryPoint":"processQuery","updateTime":"2025-04-03T17:20:27.293Z","versionId":"17","labels":{"deployment-tool":"cli-firebase","deployment-callable":"true","firebase-functions-hash":"edaf871c060135d433d4cebdb87268d2686057d1"},"sourceUploadUrl":"https://storage.googleapis.com/uploads-285734307537.us-central1.cloudfunctions.appspot.com/82626765-643d-40fb-a064-a44e16400244.zip?GoogleAccessId=service-94736983827@gcf-admin-robot.iam.gserviceaccount.com&Expires=1743704475&Signature=aW%2BGo3Fy4np8OjusahltAMXcFV9fpGaStKhORYOPzVL7YG9RU0g5SduwNyL9p6jgMaqXZYeFc2SMZWTY5o0PJww0ebsQdtzDOzTcuqHf%2BZR%2BvLk3sE5VHZjp4A3FAm0En5aBc7mgzEf5E4htOq5rbWlu%2FCTWz18iyomL3NQFN%2F4nBCXK72%2B%2B35oqVexhMqlIw%2FoGVU5l2nQb8Qac9g60m1Gwju33rXFwVN4wR2g2C7mcSnlbi9nfChlUta8dP3tMJRrxuEUXDzTiG6BFxGfqgX8lcc2cjgtjVzR4Ll3Em714dxNObzYA2DAaeR8Oe%2BFKUiz1j4%2F%2F8qNFgX8JTC%2B8zw%3D%3D","environmentVariables":{"LOCATION":"us-central1","GOOGLE_APPLICATION_CREDENTIALS":"./service-account-key.json","GEMINI_API_KEY":"AIzaSyBvdRKCGP0PmzCXP32hZP5Nafk73pEyJGU","AGENT_ID":"ef46fa57-deb0-44a3-be4b-f95e60df65a5","DIALOGFLOW_LOCATION":"us-central1","DIALOGFLOW_AGENT_ID":"ef46fa57-deb0-44a3-be4b-f95e60df65a5","PROJECT_ID":"zynko-34cac","GOOGLE_SERVICE_ACCOUNT_KEY":"ewogICJ0eXBlIjogInNlcnZpY2VfYWNjb3VudCIsCiAgInByb2plY3RfaWQiOiAi enlua28tMzRjYWMiLAogICJwcml2YXRlX2tleV9pZCI6ICIxODlkN2ViZDBiOTM5 ODExODZkMmEzODAzMWU2YmJmNzNhMTYwYWUyIiwKICAicHJpdmF0ZV9rZXkiOiAi LS0tLS1CRUdJTiBQUklWQVRFIEtFWS0tLS0tXG5NSUlFdlFJQkFEQU5CZ2txaGtp Rzl3MEJBUUVGQUFTQ0JLY3dnZ1NqQWdFQUFvSUJBUUN6M0ZCaDBiOFdFajM3XG5I czBmYXZsa2RHSmdtajdDdmVTRllRemRmWWp3YXN5NUt1WFNpY1VSaXFLN3RXUjFu dFZ0QU5xUW81ZWlIaTNuXG5qQTNNaWRoS1lrcnp4d1lZY3VDZWcxV3hadEgzTE1v U1BWakEyNW1lVWNwcjBUaTZjckQ4RmdkL2R4MWhVS3B3XG5vL01iUStNRE9zZWRq VzBRZWd4Sk0rNktGUlkyb0NEWVZwMnRrR3I1YS96cjhLdW9WNGcyaTZkRzdXY253 VjFoXG5uMkljak9Ib04yVGlwWWdLU3JxQytWbHpxWFlYT2xEZ3pwbHUzcklXOEZH Q2ZpV0liNTVCZzgwQWtIdmhPR2pGXG5RMFVrR2EydHpIandqamdnUlRJZEI1RnBQ R3JrR0IwRVRvZzF4Q0dMeXlQVkpkdHlTM2hiYkF0cWdRUXRvdmtkXG5zRUlZdytj bkFnTUJBQUVDZ2dFQVUzSDhFeDRTUndXb251alA1dXNsRUkrVWt0Z05GU0d2czVm dXRaWUg0ZTdTXG4wM2ZORDR4ZWswQmNOclUyQ2dIcVovdVU2N1VTWlNNV1RnNWky b243Z0tzd3RnQVkybC8xeVdVS2JWZFVRNWFTXG5tN3E5Z2lDQUdYMDk2aDZ6OElE RWp2Z1RlM1pDZWNOSWlDRHdhYTVwMUxaQkpWNFhneVQwclVPOFFIRC9FTkVhXG5Y YWNwbFhVQ1Q0aUtvNkJDRjR5OS9kdDVuSXNRd3NTVlZwaVdvMmMwVEYyQ0l1NWJB djVGd1pzQ2lGY3Bvb1NQXG5uS05DUFpnZGxYWE9RSlZZTTVsdlNlY2tzZXA1YVJO QnJsM3YxRFhWQ0lRd2EyODVsMUtvSjRpL1UrM1dqTWhPXG5DRDB4TVhWRUNHS0Vx b0wwOHRVUy85bUJlanYwUHlNa001Sk1hM0w1bVFLQmdRRHhiQTdxeEp2eEVDbGN1 dldEXG5OV3lOcnd4cmFGRlJoZ2UrdFFuOGpNTWFLRUEySlFXZ2VZUDBkaXJ5R3FU NjRWRjhabWZTbklpcVJGUFROdVJGXG5hRjlHMjF2QTVtODVpUnlDOERTaEpXUFp5 bGlPUEVDUG5sME00NEpqU0tBaDAwTWQvV3NjZW40Z2JtQ0h1UU9FXG5vYWN3cmtU Z01VUmFLYk5Vc2ZrVytGMUl1UUtCZ1FDK3VLRE0vaUFITnowdFJxWk15UFZkSUJh d1Ywb2ZQV1VqXG5LcVF5UDdsWkRiTlRTMndWTkhJTXpmZ1ZXdnRZcDhMTVFrMmc1 OCt2NG1DM2xCblA0bXRLUkJWS3ZSak9zb01qXG4zY1pOZFRKcTl6REZoL0t6cTkw TFlSd1VrcGU1OWxNSXJmV2JpbUxEK3J4b3lNRW5IOVhyTW1pcWN2WTdEK0psXG5Q MHRIMnlyKzN3S0JnUURSOTI4SjA3RGtlVy9mekdKV21SSXVMMzRYdEFSMWFLSTN4 SEJKQzR0cnBuSWlKUlM5XG51ckYrM1g4QVRSZ0xjZ2RTc0NXLzBKQXp0WFZLRDBW ODhBZGRNczZiK0UzbnRrM3J1MG1xbFVCQVhIR2tVdGE3XG5rYm5QeWRiT3pvMG1u ZnlUaXFHcmhRVkk0M1prMUE0eFBmNlFvaUFZOUFCRWdsd0xYellLT2p1M1VRS0Jn Rk9mXG5ZaW5mZHEyVFE4aVpSSXRBUll6YVovaFRuWlZLOXhCUFB3VWxPYUJaU0hw S0JJN2JtdklRVVNrVDVrYTk3OFJkXG5nZW4rR2VyMWFCQzE2QWRsTUVPMHpGMGp3 ai9HdDRjL1V4WmRQNGowN3paODRDWjFRWXNldmhBcklrbVFQbUg4XG4zRWFoaTZL QVNxSHErLzJxa01INkxUZ25CZDFwbm90a0VCN21jdGlqQW9HQUFOaGw0ajFsU2VY elI2ZDVNSHo5XG5GTmVKUHRpM2hwRnMzRzZBdmZRSG5tUFlCMW1aYmFNSzZkVkd6 VkhBZ0tXZVNiOFBwZWRQM1JMek9IZzNHU2dNXG5ha0FZTFc2aTF0bjVwYmhKaHN2 U1lqN1diMHh4U1pIV1greHpFa1ZHSVNmemJ1dUU5cSs0M0tvZXRRVnhqa2M4XG5j TmZXdEJhL0szeTNMVWVZTnpubzBVWT1cbi0tLS0tRU5EIFBSSVZBVEUgS0VZLS0t LS1cbiIsCiAgImNsaWVudF9lbWFpbCI6ICJmaXJlYmFzZS1hZG1pbnNkay1mYnN2 Y0B6eW5rby0zNGNhYy5pYW0uZ3NlcnZpY2VhY2NvdW50LmNvbSIsCiAgImNsaWVu dF9pZCI6ICIxMDA1NTYxODgwNDU3OTA2NTU4NzIiLAogICJhdXRoX3VyaSI6ICJo dHRwczovL2FjY291bnRzLmdvb2dsZS5jb20vby9vYXV0aDIvYXV0aCIsCiAgInRv a2VuX3VyaSI6ICJodHRwczovL29hdXRoMi5nb29nbGVhcGlzLmNvbS90b2tlbiIs CiAgImF1dGhfcHJvdmlkZXJfeDUwOV9jZXJ0X3VybCI6ICJodHRwczovL3d3dy5n b29nbGVhcGlzLmNvbS9vYXV0aDIvdjEvY2VydHMiLAogICJjbGllbnRfeDUwOV9j ZXJ0X3VybCI6ICJodHRwczovL3d3dy5nb29nbGVhcGlzLmNvbS9yb2JvdC92MS9t ZXRhZGF0YS94NTA5L2ZpcmViYXNlLWFkbWluc2RrLWZic3ZjJTQwenlua28tMzRj YWMuaWFtLmdzZXJ2aWNlYWNjb3VudC5jb20iLAogICJ1bml2ZXJzZV9kb21haW4i OiAiZ29vZ2xlYXBpcy5jb20iCn0K","FIREBASE_CONFIG":"{\"projectId\":\"zynko-34cac\",\"databaseURL\":\"https://zynko-34cac-default-rtdb.firebaseio.com\",\"storageBucket\":\"zynko-34cac.firebasestorage.app\"}","GCLOUD_PROJECT":"zynko-34cac","EVENTARC_CLOUD_EVENT_SOURCE":"projects/zynko-34cac/locations/us-central1/functions/processQuery"},"runtime":"nodejs18","buildId":"3914d1d8-0e24-4080-adda-9bfbdde5ca97","buildEnvironmentVariables":{"GOOGLE_NODE_RUN_SCRIPTS":""},"buildName":"projects/94736983827/locations/us-central1/builds/3914d1d8-0e24-4080-adda-9bfbdde5ca97","dockerRegistry":"ARTIFACT_REGISTRY","automaticUpdatePolicy":{},"buildServiceAccount":"projects/zynko-34cac/serviceAccounts/94736983827-compute@developer.gserviceaccount.com"},"versionId":"18","updateTime":"2025-04-03T17:51:17Z","buildId":"04ca7c88-18f1-4c01-882e-7e0bf366f285","buildName":"projects/94736983827/locations/us-central1/builds/04ca7c88-18f1-4c01-882e-7e0bf366f285"}}
[debug] [2025-04-03T17:51:57.757Z] [update-default-us-central1-processQuery] Retrying task index 0
[debug] [2025-04-03T17:51:57.758Z] Checked if tokens are valid: true, expires at: 1743706165146
[debug] [2025-04-03T17:51:57.758Z] Checked if tokens are valid: true, expires at: 1743706165146
[debug] [2025-04-03T17:51:57.758Z] >>> [apiv2][query] GET https://cloudfunctions.googleapis.com/v1/operations/enlua28tMzRjYWMvdXMtY2VudHJhbDEvcHJvY2Vzc1F1ZXJ5L29CMkNPTUM4bUhv [none]
[debug] [2025-04-03T17:51:58.389Z] <<< [apiv2][status] GET https://cloudfunctions.googleapis.com/v1/operations/enlua28tMzRjYWMvdXMtY2VudHJhbDEvcHJvY2Vzc1F1ZXJ5L29CMkNPTUM4bUhv 200
[debug] [2025-04-03T17:51:58.389Z] <<< [apiv2][body] GET https://cloudfunctions.googleapis.com/v1/operations/enlua28tMzRjYWMvdXMtY2VudHJhbDEvcHJvY2Vzc1F1ZXJ5L29CMkNPTUM4bUhv {"name":"operations/enlua28tMzRjYWMvdXMtY2VudHJhbDEvcHJvY2Vzc1F1ZXJ5L29CMkNPTUM4bUhv","metadata":{"@type":"type.googleapis.com/google.cloud.functions.v1.OperationMetadataV1","target":"projects/zynko-34cac/locations/us-central1/functions/processQuery","type":"UPDATE_FUNCTION","request":{"@type":"type.googleapis.com/google.cloud.functions.v1.CloudFunction","name":"projects/zynko-34cac/locations/us-central1/functions/processQuery","httpsTrigger":{"url":"https://us-central1-zynko-34cac.cloudfunctions.net/processQuery","securityLevel":"SECURE_ALWAYS"},"status":"ACTIVE","entryPoint":"processQuery","updateTime":"2025-04-03T17:20:27.293Z","versionId":"17","labels":{"deployment-tool":"cli-firebase","deployment-callable":"true","firebase-functions-hash":"edaf871c060135d433d4cebdb87268d2686057d1"},"sourceUploadUrl":"https://storage.googleapis.com/uploads-285734307537.us-central1.cloudfunctions.appspot.com/82626765-643d-40fb-a064-a44e16400244.zip?GoogleAccessId=service-94736983827@gcf-admin-robot.iam.gserviceaccount.com&Expires=1743704475&Signature=aW%2BGo3Fy4np8OjusahltAMXcFV9fpGaStKhORYOPzVL7YG9RU0g5SduwNyL9p6jgMaqXZYeFc2SMZWTY5o0PJww0ebsQdtzDOzTcuqHf%2BZR%2BvLk3sE5VHZjp4A3FAm0En5aBc7mgzEf5E4htOq5rbWlu%2FCTWz18iyomL3NQFN%2F4nBCXK72%2B%2B35oqVexhMqlIw%2FoGVU5l2nQb8Qac9g60m1Gwju33rXFwVN4wR2g2C7mcSnlbi9nfChlUta8dP3tMJRrxuEUXDzTiG6BFxGfqgX8lcc2cjgtjVzR4Ll3Em714dxNObzYA2DAaeR8Oe%2BFKUiz1j4%2F%2F8qNFgX8JTC%2B8zw%3D%3D","environmentVariables":{"LOCATION":"us-central1","GOOGLE_APPLICATION_CREDENTIALS":"./service-account-key.json","GEMINI_API_KEY":"AIzaSyBvdRKCGP0PmzCXP32hZP5Nafk73pEyJGU","AGENT_ID":"ef46fa57-deb0-44a3-be4b-f95e60df65a5","DIALOGFLOW_LOCATION":"us-central1","DIALOGFLOW_AGENT_ID":"ef46fa57-deb0-44a3-be4b-f95e60df65a5","PROJECT_ID":"zynko-34cac","GOOGLE_SERVICE_ACCOUNT_KEY":"ewogICJ0eXBlIjogInNlcnZpY2VfYWNjb3VudCIsCiAgInByb2plY3RfaWQiOiAi enlua28tMzRjYWMiLAogICJwcml2YXRlX2tleV9pZCI6ICIxODlkN2ViZDBiOTM5 ODExODZkMmEzODAzMWU2YmJmNzNhMTYwYWUyIiwKICAicHJpdmF0ZV9rZXkiOiAi LS0tLS1CRUdJTiBQUklWQVRFIEtFWS0tLS0tXG5NSUlFdlFJQkFEQU5CZ2txaGtp Rzl3MEJBUUVGQUFTQ0JLY3dnZ1NqQWdFQUFvSUJBUUN6M0ZCaDBiOFdFajM3XG5I czBmYXZsa2RHSmdtajdDdmVTRllRemRmWWp3YXN5NUt1WFNpY1VSaXFLN3RXUjFu dFZ0QU5xUW81ZWlIaTNuXG5qQTNNaWRoS1lrcnp4d1lZY3VDZWcxV3hadEgzTE1v U1BWakEyNW1lVWNwcjBUaTZjckQ4RmdkL2R4MWhVS3B3XG5vL01iUStNRE9zZWRq VzBRZWd4Sk0rNktGUlkyb0NEWVZwMnRrR3I1YS96cjhLdW9WNGcyaTZkRzdXY253 VjFoXG5uMkljak9Ib04yVGlwWWdLU3JxQytWbHpxWFlYT2xEZ3pwbHUzcklXOEZH Q2ZpV0liNTVCZzgwQWtIdmhPR2pGXG5RMFVrR2EydHpIandqamdnUlRJZEI1RnBQ R3JrR0IwRVRvZzF4Q0dMeXlQVkpkdHlTM2hiYkF0cWdRUXRvdmtkXG5zRUlZdytj bkFnTUJBQUVDZ2dFQVUzSDhFeDRTUndXb251alA1dXNsRUkrVWt0Z05GU0d2czVm dXRaWUg0ZTdTXG4wM2ZORDR4ZWswQmNOclUyQ2dIcVovdVU2N1VTWlNNV1RnNWky b243Z0tzd3RnQVkybC8xeVdVS2JWZFVRNWFTXG5tN3E5Z2lDQUdYMDk2aDZ6OElE RWp2Z1RlM1pDZWNOSWlDRHdhYTVwMUxaQkpWNFhneVQwclVPOFFIRC9FTkVhXG5Y YWNwbFhVQ1Q0aUtvNkJDRjR5OS9kdDVuSXNRd3NTVlZwaVdvMmMwVEYyQ0l1NWJB djVGd1pzQ2lGY3Bvb1NQXG5uS05DUFpnZGxYWE9RSlZZTTVsdlNlY2tzZXA1YVJO QnJsM3YxRFhWQ0lRd2EyODVsMUtvSjRpL1UrM1dqTWhPXG5DRDB4TVhWRUNHS0Vx b0wwOHRVUy85bUJlanYwUHlNa001Sk1hM0w1bVFLQmdRRHhiQTdxeEp2eEVDbGN1 dldEXG5OV3lOcnd4cmFGRlJoZ2UrdFFuOGpNTWFLRUEySlFXZ2VZUDBkaXJ5R3FU NjRWRjhabWZTbklpcVJGUFROdVJGXG5hRjlHMjF2QTVtODVpUnlDOERTaEpXUFp5 bGlPUEVDUG5sME00NEpqU0tBaDAwTWQvV3NjZW40Z2JtQ0h1UU9FXG5vYWN3cmtU Z01VUmFLYk5Vc2ZrVytGMUl1UUtCZ1FDK3VLRE0vaUFITnowdFJxWk15UFZkSUJh d1Ywb2ZQV1VqXG5LcVF5UDdsWkRiTlRTMndWTkhJTXpmZ1ZXdnRZcDhMTVFrMmc1 OCt2NG1DM2xCblA0bXRLUkJWS3ZSak9zb01qXG4zY1pOZFRKcTl6REZoL0t6cTkw TFlSd1VrcGU1OWxNSXJmV2JpbUxEK3J4b3lNRW5IOVhyTW1pcWN2WTdEK0psXG5Q MHRIMnlyKzN3S0JnUURSOTI4SjA3RGtlVy9mekdKV21SSXVMMzRYdEFSMWFLSTN4 SEJKQzR0cnBuSWlKUlM5XG51ckYrM1g4QVRSZ0xjZ2RTc0NXLzBKQXp0WFZLRDBW ODhBZGRNczZiK0UzbnRrM3J1MG1xbFVCQVhIR2tVdGE3XG5rYm5QeWRiT3pvMG1u ZnlUaXFHcmhRVkk0M1prMUE0eFBmNlFvaUFZOUFCRWdsd0xYellLT2p1M1VRS0Jn Rk9mXG5ZaW5mZHEyVFE4aVpSSXRBUll6YVovaFRuWlZLOXhCUFB3VWxPYUJaU0hw S0JJN2JtdklRVVNrVDVrYTk3OFJkXG5nZW4rR2VyMWFCQzE2QWRsTUVPMHpGMGp3 ai9HdDRjL1V4WmRQNGowN3paODRDWjFRWXNldmhBcklrbVFQbUg4XG4zRWFoaTZL QVNxSHErLzJxa01INkxUZ25CZDFwbm90a0VCN21jdGlqQW9HQUFOaGw0ajFsU2VY elI2ZDVNSHo5XG5GTmVKUHRpM2hwRnMzRzZBdmZRSG5tUFlCMW1aYmFNSzZkVkd6 VkhBZ0tXZVNiOFBwZWRQM1JMek9IZzNHU2dNXG5ha0FZTFc2aTF0bjVwYmhKaHN2 U1lqN1diMHh4U1pIV1greHpFa1ZHSVNmemJ1dUU5cSs0M0tvZXRRVnhqa2M4XG5j TmZXdEJhL0szeTNMVWVZTnpubzBVWT1cbi0tLS0tRU5EIFBSSVZBVEUgS0VZLS0t LS1cbiIsCiAgImNsaWVudF9lbWFpbCI6ICJmaXJlYmFzZS1hZG1pbnNkay1mYnN2 Y0B6eW5rby0zNGNhYy5pYW0uZ3NlcnZpY2VhY2NvdW50LmNvbSIsCiAgImNsaWVu dF9pZCI6ICIxMDA1NTYxODgwNDU3OTA2NTU4NzIiLAogICJhdXRoX3VyaSI6ICJo dHRwczovL2FjY291bnRzLmdvb2dsZS5jb20vby9vYXV0aDIvYXV0aCIsCiAgInRv a2VuX3VyaSI6ICJodHRwczovL29hdXRoMi5nb29nbGVhcGlzLmNvbS90b2tlbiIs CiAgImF1dGhfcHJvdmlkZXJfeDUwOV9jZXJ0X3VybCI6ICJodHRwczovL3d3dy5n b29nbGVhcGlzLmNvbS9vYXV0aDIvdjEvY2VydHMiLAogICJjbGllbnRfeDUwOV9j ZXJ0X3VybCI6ICJodHRwczovL3d3dy5nb29nbGVhcGlzLmNvbS9yb2JvdC92MS9t ZXRhZGF0YS94NTA5L2ZpcmViYXNlLWFkbWluc2RrLWZic3ZjJTQwenlua28tMzRj YWMuaWFtLmdzZXJ2aWNlYWNjb3VudC5jb20iLAogICJ1bml2ZXJzZV9kb21haW4i OiAiZ29vZ2xlYXBpcy5jb20iCn0K","FIREBASE_CONFIG":"{\"projectId\":\"zynko-34cac\",\"databaseURL\":\"https://zynko-34cac-default-rtdb.firebaseio.com\",\"storageBucket\":\"zynko-34cac.firebasestorage.app\"}","GCLOUD_PROJECT":"zynko-34cac","EVENTARC_CLOUD_EVENT_SOURCE":"projects/zynko-34cac/locations/us-central1/functions/processQuery"},"runtime":"nodejs18","buildId":"3914d1d8-0e24-4080-adda-9bfbdde5ca97","buildEnvironmentVariables":{"GOOGLE_NODE_RUN_SCRIPTS":""},"buildName":"projects/94736983827/locations/us-central1/builds/3914d1d8-0e24-4080-adda-9bfbdde5ca97","dockerRegistry":"ARTIFACT_REGISTRY","automaticUpdatePolicy":{},"buildServiceAccount":"projects/zynko-34cac/serviceAccounts/94736983827-compute@developer.gserviceaccount.com"},"versionId":"18","updateTime":"2025-04-03T17:51:17Z","buildId":"04ca7c88-18f1-4c01-882e-7e0bf366f285","buildName":"projects/94736983827/locations/us-central1/builds/04ca7c88-18f1-4c01-882e-7e0bf366f285"}}
[debug] [2025-04-03T17:52:08.404Z] [update-default-us-central1-processQuery] Retrying task index 0
[debug] [2025-04-03T17:52:08.405Z] Checked if tokens are valid: true, expires at: 1743706165146
[debug] [2025-04-03T17:52:08.405Z] Checked if tokens are valid: true, expires at: 1743706165146
[debug] [2025-04-03T17:52:08.405Z] >>> [apiv2][query] GET https://cloudfunctions.googleapis.com/v1/operations/enlua28tMzRjYWMvdXMtY2VudHJhbDEvcHJvY2Vzc1F1ZXJ5L29CMkNPTUM4bUhv [none]
[debug] [2025-04-03T17:52:08.904Z] <<< [apiv2][status] GET https://cloudfunctions.googleapis.com/v1/operations/enlua28tMzRjYWMvdXMtY2VudHJhbDEvcHJvY2Vzc1F1ZXJ5L29CMkNPTUM4bUhv 200
[debug] [2025-04-03T17:52:08.905Z] <<< [apiv2][body] GET https://cloudfunctions.googleapis.com/v1/operations/enlua28tMzRjYWMvdXMtY2VudHJhbDEvcHJvY2Vzc1F1ZXJ5L29CMkNPTUM4bUhv {"name":"operations/enlua28tMzRjYWMvdXMtY2VudHJhbDEvcHJvY2Vzc1F1ZXJ5L29CMkNPTUM4bUhv","metadata":{"@type":"type.googleapis.com/google.cloud.functions.v1.OperationMetadataV1","target":"projects/zynko-34cac/locations/us-central1/functions/processQuery","type":"UPDATE_FUNCTION","request":{"@type":"type.googleapis.com/google.cloud.functions.v1.CloudFunction","name":"projects/zynko-34cac/locations/us-central1/functions/processQuery","httpsTrigger":{"url":"https://us-central1-zynko-34cac.cloudfunctions.net/processQuery","securityLevel":"SECURE_ALWAYS"},"status":"ACTIVE","entryPoint":"processQuery","updateTime":"2025-04-03T17:20:27.293Z","versionId":"17","labels":{"deployment-tool":"cli-firebase","deployment-callable":"true","firebase-functions-hash":"edaf871c060135d433d4cebdb87268d2686057d1"},"sourceUploadUrl":"https://storage.googleapis.com/uploads-285734307537.us-central1.cloudfunctions.appspot.com/82626765-643d-40fb-a064-a44e16400244.zip?GoogleAccessId=service-94736983827@gcf-admin-robot.iam.gserviceaccount.com&Expires=1743704475&Signature=aW%2BGo3Fy4np8OjusahltAMXcFV9fpGaStKhORYOPzVL7YG9RU0g5SduwNyL9p6jgMaqXZYeFc2SMZWTY5o0PJww0ebsQdtzDOzTcuqHf%2BZR%2BvLk3sE5VHZjp4A3FAm0En5aBc7mgzEf5E4htOq5rbWlu%2FCTWz18iyomL3NQFN%2F4nBCXK72%2B%2B35oqVexhMqlIw%2FoGVU5l2nQb8Qac9g60m1Gwju33rXFwVN4wR2g2C7mcSnlbi9nfChlUta8dP3tMJRrxuEUXDzTiG6BFxGfqgX8lcc2cjgtjVzR4Ll3Em714dxNObzYA2DAaeR8Oe%2BFKUiz1j4%2F%2F8qNFgX8JTC%2B8zw%3D%3D","environmentVariables":{"LOCATION":"us-central1","GOOGLE_APPLICATION_CREDENTIALS":"./service-account-key.json","GEMINI_API_KEY":"AIzaSyBvdRKCGP0PmzCXP32hZP5Nafk73pEyJGU","AGENT_ID":"ef46fa57-deb0-44a3-be4b-f95e60df65a5","DIALOGFLOW_LOCATION":"us-central1","DIALOGFLOW_AGENT_ID":"ef46fa57-deb0-44a3-be4b-f95e60df65a5","PROJECT_ID":"zynko-34cac","GOOGLE_SERVICE_ACCOUNT_KEY":"ewogICJ0eXBlIjogInNlcnZpY2VfYWNjb3VudCIsCiAgInByb2plY3RfaWQiOiAi enlua28tMzRjYWMiLAogICJwcml2YXRlX2tleV9pZCI6ICIxODlkN2ViZDBiOTM5 ODExODZkMmEzODAzMWU2YmJmNzNhMTYwYWUyIiwKICAicHJpdmF0ZV9rZXkiOiAi LS0tLS1CRUdJTiBQUklWQVRFIEtFWS0tLS0tXG5NSUlFdlFJQkFEQU5CZ2txaGtp Rzl3MEJBUUVGQUFTQ0JLY3dnZ1NqQWdFQUFvSUJBUUN6M0ZCaDBiOFdFajM3XG5I czBmYXZsa2RHSmdtajdDdmVTRllRemRmWWp3YXN5NUt1WFNpY1VSaXFLN3RXUjFu dFZ0QU5xUW81ZWlIaTNuXG5qQTNNaWRoS1lrcnp4d1lZY3VDZWcxV3hadEgzTE1v U1BWakEyNW1lVWNwcjBUaTZjckQ4RmdkL2R4MWhVS3B3XG5vL01iUStNRE9zZWRq VzBRZWd4Sk0rNktGUlkyb0NEWVZwMnRrR3I1YS96cjhLdW9WNGcyaTZkRzdXY253 VjFoXG5uMkljak9Ib04yVGlwWWdLU3JxQytWbHpxWFlYT2xEZ3pwbHUzcklXOEZH Q2ZpV0liNTVCZzgwQWtIdmhPR2pGXG5RMFVrR2EydHpIandqamdnUlRJZEI1RnBQ R3JrR0IwRVRvZzF4Q0dMeXlQVkpkdHlTM2hiYkF0cWdRUXRvdmtkXG5zRUlZdytj bkFnTUJBQUVDZ2dFQVUzSDhFeDRTUndXb251alA1dXNsRUkrVWt0Z05GU0d2czVm dXRaWUg0ZTdTXG4wM2ZORDR4ZWswQmNOclUyQ2dIcVovdVU2N1VTWlNNV1RnNWky b243Z0tzd3RnQVkybC8xeVdVS2JWZFVRNWFTXG5tN3E5Z2lDQUdYMDk2aDZ6OElE RWp2Z1RlM1pDZWNOSWlDRHdhYTVwMUxaQkpWNFhneVQwclVPOFFIRC9FTkVhXG5Y YWNwbFhVQ1Q0aUtvNkJDRjR5OS9kdDVuSXNRd3NTVlZwaVdvMmMwVEYyQ0l1NWJB djVGd1pzQ2lGY3Bvb1NQXG5uS05DUFpnZGxYWE9RSlZZTTVsdlNlY2tzZXA1YVJO QnJsM3YxRFhWQ0lRd2EyODVsMUtvSjRpL1UrM1dqTWhPXG5DRDB4TVhWRUNHS0Vx b0wwOHRVUy85bUJlanYwUHlNa001Sk1hM0w1bVFLQmdRRHhiQTdxeEp2eEVDbGN1 dldEXG5OV3lOcnd4cmFGRlJoZ2UrdFFuOGpNTWFLRUEySlFXZ2VZUDBkaXJ5R3FU NjRWRjhabWZTbklpcVJGUFROdVJGXG5hRjlHMjF2QTVtODVpUnlDOERTaEpXUFp5 bGlPUEVDUG5sME00NEpqU0tBaDAwTWQvV3NjZW40Z2JtQ0h1UU9FXG5vYWN3cmtU Z01VUmFLYk5Vc2ZrVytGMUl1UUtCZ1FDK3VLRE0vaUFITnowdFJxWk15UFZkSUJh d1Ywb2ZQV1VqXG5LcVF5UDdsWkRiTlRTMndWTkhJTXpmZ1ZXdnRZcDhMTVFrMmc1 OCt2NG1DM2xCblA0bXRLUkJWS3ZSak9zb01qXG4zY1pOZFRKcTl6REZoL0t6cTkw TFlSd1VrcGU1OWxNSXJmV2JpbUxEK3J4b3lNRW5IOVhyTW1pcWN2WTdEK0psXG5Q MHRIMnlyKzN3S0JnUURSOTI4SjA3RGtlVy9mekdKV21SSXVMMzRYdEFSMWFLSTN4 SEJKQzR0cnBuSWlKUlM5XG51ckYrM1g4QVRSZ0xjZ2RTc0NXLzBKQXp0WFZLRDBW ODhBZGRNczZiK0UzbnRrM3J1MG1xbFVCQVhIR2tVdGE3XG5rYm5QeWRiT3pvMG1u ZnlUaXFHcmhRVkk0M1prMUE0eFBmNlFvaUFZOUFCRWdsd0xYellLT2p1M1VRS0Jn Rk9mXG5ZaW5mZHEyVFE4aVpSSXRBUll6YVovaFRuWlZLOXhCUFB3VWxPYUJaU0hw S0JJN2JtdklRVVNrVDVrYTk3OFJkXG5nZW4rR2VyMWFCQzE2QWRsTUVPMHpGMGp3 ai9HdDRjL1V4WmRQNGowN3paODRDWjFRWXNldmhBcklrbVFQbUg4XG4zRWFoaTZL QVNxSHErLzJxa01INkxUZ25CZDFwbm90a0VCN21jdGlqQW9HQUFOaGw0ajFsU2VY elI2ZDVNSHo5XG5GTmVKUHRpM2hwRnMzRzZBdmZRSG5tUFlCMW1aYmFNSzZkVkd6 VkhBZ0tXZVNiOFBwZWRQM1JMek9IZzNHU2dNXG5ha0FZTFc2aTF0bjVwYmhKaHN2 U1lqN1diMHh4U1pIV1greHpFa1ZHSVNmemJ1dUU5cSs0M0tvZXRRVnhqa2M4XG5j TmZXdEJhL0szeTNMVWVZTnpubzBVWT1cbi0tLS0tRU5EIFBSSVZBVEUgS0VZLS0t LS1cbiIsCiAgImNsaWVudF9lbWFpbCI6ICJmaXJlYmFzZS1hZG1pbnNkay1mYnN2 Y0B6eW5rby0zNGNhYy5pYW0uZ3NlcnZpY2VhY2NvdW50LmNvbSIsCiAgImNsaWVu dF9pZCI6ICIxMDA1NTYxODgwNDU3OTA2NTU4NzIiLAogICJhdXRoX3VyaSI6ICJo dHRwczovL2FjY291bnRzLmdvb2dsZS5jb20vby9vYXV0aDIvYXV0aCIsCiAgInRv a2VuX3VyaSI6ICJodHRwczovL29hdXRoMi5nb29nbGVhcGlzLmNvbS90b2tlbiIs CiAgImF1dGhfcHJvdmlkZXJfeDUwOV9jZXJ0X3VybCI6ICJodHRwczovL3d3dy5n b29nbGVhcGlzLmNvbS9vYXV0aDIvdjEvY2VydHMiLAogICJjbGllbnRfeDUwOV9j ZXJ0X3VybCI6ICJodHRwczovL3d3dy5nb29nbGVhcGlzLmNvbS9yb2JvdC92MS9t ZXRhZGF0YS94NTA5L2ZpcmViYXNlLWFkbWluc2RrLWZic3ZjJTQwenlua28tMzRj YWMuaWFtLmdzZXJ2aWNlYWNjb3VudC5jb20iLAogICJ1bml2ZXJzZV9kb21haW4i OiAiZ29vZ2xlYXBpcy5jb20iCn0K","FIREBASE_CONFIG":"{\"projectId\":\"zynko-34cac\",\"databaseURL\":\"https://zynko-34cac-default-rtdb.firebaseio.com\",\"storageBucket\":\"zynko-34cac.firebasestorage.app\"}","GCLOUD_PROJECT":"zynko-34cac","EVENTARC_CLOUD_EVENT_SOURCE":"projects/zynko-34cac/locations/us-central1/functions/processQuery"},"runtime":"nodejs18","buildId":"3914d1d8-0e24-4080-adda-9bfbdde5ca97","buildEnvironmentVariables":{"GOOGLE_NODE_RUN_SCRIPTS":""},"buildName":"projects/94736983827/locations/us-central1/builds/3914d1d8-0e24-4080-adda-9bfbdde5ca97","dockerRegistry":"ARTIFACT_REGISTRY","automaticUpdatePolicy":{},"buildServiceAccount":"projects/zynko-34cac/serviceAccounts/94736983827-compute@developer.gserviceaccount.com"},"versionId":"18","updateTime":"2025-04-03T17:51:17Z","buildId":"04ca7c88-18f1-4c01-882e-7e0bf366f285","sourceToken":"3bb9a915-036d-4ced-a06e-9b3bc85528cb","buildName":"projects/94736983827/locations/us-central1/builds/04ca7c88-18f1-4c01-882e-7e0bf366f285"}}
[debug] [2025-04-03T17:52:08.905Z] Got source token 3bb9a915-036d-4ced-a06e-9b3bc85528cb for region us-central1
[debug] [2025-04-03T17:52:18.914Z] [update-default-us-central1-processQuery] Retrying task index 0
[debug] [2025-04-03T17:52:18.914Z] Checked if tokens are valid: true, expires at: 1743706165146
[debug] [2025-04-03T17:52:18.914Z] Checked if tokens are valid: true, expires at: 1743706165146
[debug] [2025-04-03T17:52:18.915Z] >>> [apiv2][query] GET https://cloudfunctions.googleapis.com/v1/operations/enlua28tMzRjYWMvdXMtY2VudHJhbDEvcHJvY2Vzc1F1ZXJ5L29CMkNPTUM4bUhv [none]
[debug] [2025-04-03T17:52:19.564Z] <<< [apiv2][status] GET https://cloudfunctions.googleapis.com/v1/operations/enlua28tMzRjYWMvdXMtY2VudHJhbDEvcHJvY2Vzc1F1ZXJ5L29CMkNPTUM4bUhv 200
[debug] [2025-04-03T17:52:19.564Z] <<< [apiv2][body] GET https://cloudfunctions.googleapis.com/v1/operations/enlua28tMzRjYWMvdXMtY2VudHJhbDEvcHJvY2Vzc1F1ZXJ5L29CMkNPTUM4bUhv {"name":"operations/enlua28tMzRjYWMvdXMtY2VudHJhbDEvcHJvY2Vzc1F1ZXJ5L29CMkNPTUM4bUhv","metadata":{"@type":"type.googleapis.com/google.cloud.functions.v1.OperationMetadataV1","target":"projects/zynko-34cac/locations/us-central1/functions/processQuery","type":"UPDATE_FUNCTION","request":{"@type":"type.googleapis.com/google.cloud.functions.v1.CloudFunction","name":"projects/zynko-34cac/locations/us-central1/functions/processQuery","httpsTrigger":{"url":"https://us-central1-zynko-34cac.cloudfunctions.net/processQuery","securityLevel":"SECURE_ALWAYS"},"status":"ACTIVE","entryPoint":"processQuery","updateTime":"2025-04-03T17:20:27.293Z","versionId":"17","labels":{"deployment-tool":"cli-firebase","deployment-callable":"true","firebase-functions-hash":"edaf871c060135d433d4cebdb87268d2686057d1"},"sourceUploadUrl":"https://storage.googleapis.com/uploads-285734307537.us-central1.cloudfunctions.appspot.com/82626765-643d-40fb-a064-a44e16400244.zip?GoogleAccessId=service-94736983827@gcf-admin-robot.iam.gserviceaccount.com&Expires=1743704475&Signature=aW%2BGo3Fy4np8OjusahltAMXcFV9fpGaStKhORYOPzVL7YG9RU0g5SduwNyL9p6jgMaqXZYeFc2SMZWTY5o0PJww0ebsQdtzDOzTcuqHf%2BZR%2BvLk3sE5VHZjp4A3FAm0En5aBc7mgzEf5E4htOq5rbWlu%2FCTWz18iyomL3NQFN%2F4nBCXK72%2B%2B35oqVexhMqlIw%2FoGVU5l2nQb8Qac9g60m1Gwju33rXFwVN4wR2g2C7mcSnlbi9nfChlUta8dP3tMJRrxuEUXDzTiG6BFxGfqgX8lcc2cjgtjVzR4Ll3Em714dxNObzYA2DAaeR8Oe%2BFKUiz1j4%2F%2F8qNFgX8JTC%2B8zw%3D%3D","environmentVariables":{"LOCATION":"us-central1","GOOGLE_APPLICATION_CREDENTIALS":"./service-account-key.json","GEMINI_API_KEY":"AIzaSyBvdRKCGP0PmzCXP32hZP5Nafk73pEyJGU","AGENT_ID":"ef46fa57-deb0-44a3-be4b-f95e60df65a5","DIALOGFLOW_LOCATION":"us-central1","DIALOGFLOW_AGENT_ID":"ef46fa57-deb0-44a3-be4b-f95e60df65a5","PROJECT_ID":"zynko-34cac","GOOGLE_SERVICE_ACCOUNT_KEY":"ewogICJ0eXBlIjogInNlcnZpY2VfYWNjb3VudCIsCiAgInByb2plY3RfaWQiOiAi enlua28tMzRjYWMiLAogICJwcml2YXRlX2tleV9pZCI6ICIxODlkN2ViZDBiOTM5 ODExODZkMmEzODAzMWU2YmJmNzNhMTYwYWUyIiwKICAicHJpdmF0ZV9rZXkiOiAi LS0tLS1CRUdJTiBQUklWQVRFIEtFWS0tLS0tXG5NSUlFdlFJQkFEQU5CZ2txaGtp Rzl3MEJBUUVGQUFTQ0JLY3dnZ1NqQWdFQUFvSUJBUUN6M0ZCaDBiOFdFajM3XG5I czBmYXZsa2RHSmdtajdDdmVTRllRemRmWWp3YXN5NUt1WFNpY1VSaXFLN3RXUjFu dFZ0QU5xUW81ZWlIaTNuXG5qQTNNaWRoS1lrcnp4d1lZY3VDZWcxV3hadEgzTE1v U1BWakEyNW1lVWNwcjBUaTZjckQ4RmdkL2R4MWhVS3B3XG5vL01iUStNRE9zZWRq VzBRZWd4Sk0rNktGUlkyb0NEWVZwMnRrR3I1YS96cjhLdW9WNGcyaTZkRzdXY253 VjFoXG5uMkljak9Ib04yVGlwWWdLU3JxQytWbHpxWFlYT2xEZ3pwbHUzcklXOEZH Q2ZpV0liNTVCZzgwQWtIdmhPR2pGXG5RMFVrR2EydHpIandqamdnUlRJZEI1RnBQ R3JrR0IwRVRvZzF4Q0dMeXlQVkpkdHlTM2hiYkF0cWdRUXRvdmtkXG5zRUlZdytj bkFnTUJBQUVDZ2dFQVUzSDhFeDRTUndXb251alA1dXNsRUkrVWt0Z05GU0d2czVm dXRaWUg0ZTdTXG4wM2ZORDR4ZWswQmNOclUyQ2dIcVovdVU2N1VTWlNNV1RnNWky b243Z0tzd3RnQVkybC8xeVdVS2JWZFVRNWFTXG5tN3E5Z2lDQUdYMDk2aDZ6OElE RWp2Z1RlM1pDZWNOSWlDRHdhYTVwMUxaQkpWNFhneVQwclVPOFFIRC9FTkVhXG5Y YWNwbFhVQ1Q0aUtvNkJDRjR5OS9kdDVuSXNRd3NTVlZwaVdvMmMwVEYyQ0l1NWJB djVGd1pzQ2lGY3Bvb1NQXG5uS05DUFpnZGxYWE9RSlZZTTVsdlNlY2tzZXA1YVJO QnJsM3YxRFhWQ0lRd2EyODVsMUtvSjRpL1UrM1dqTWhPXG5DRDB4TVhWRUNHS0Vx b0wwOHRVUy85bUJlanYwUHlNa001Sk1hM0w1bVFLQmdRRHhiQTdxeEp2eEVDbGN1 dldEXG5OV3lOcnd4cmFGRlJoZ2UrdFFuOGpNTWFLRUEySlFXZ2VZUDBkaXJ5R3FU NjRWRjhabWZTbklpcVJGUFROdVJGXG5hRjlHMjF2QTVtODVpUnlDOERTaEpXUFp5 bGlPUEVDUG5sME00NEpqU0tBaDAwTWQvV3NjZW40Z2JtQ0h1UU9FXG5vYWN3cmtU Z01VUmFLYk5Vc2ZrVytGMUl1UUtCZ1FDK3VLRE0vaUFITnowdFJxWk15UFZkSUJh d1Ywb2ZQV1VqXG5LcVF5UDdsWkRiTlRTMndWTkhJTXpmZ1ZXdnRZcDhMTVFrMmc1 OCt2NG1DM2xCblA0bXRLUkJWS3ZSak9zb01qXG4zY1pOZFRKcTl6REZoL0t6cTkw TFlSd1VrcGU1OWxNSXJmV2JpbUxEK3J4b3lNRW5IOVhyTW1pcWN2WTdEK0psXG5Q MHRIMnlyKzN3S0JnUURSOTI4SjA3RGtlVy9mekdKV21SSXVMMzRYdEFSMWFLSTN4 SEJKQzR0cnBuSWlKUlM5XG51ckYrM1g4QVRSZ0xjZ2RTc0NXLzBKQXp0WFZLRDBW ODhBZGRNczZiK0UzbnRrM3J1MG1xbFVCQVhIR2tVdGE3XG5rYm5QeWRiT3pvMG1u ZnlUaXFHcmhRVkk0M1prMUE0eFBmNlFvaUFZOUFCRWdsd0xYellLT2p1M1VRS0Jn Rk9mXG5ZaW5mZHEyVFE4aVpSSXRBUll6YVovaFRuWlZLOXhCUFB3VWxPYUJaU0hw S0JJN2JtdklRVVNrVDVrYTk3OFJkXG5nZW4rR2VyMWFCQzE2QWRsTUVPMHpGMGp3 ai9HdDRjL1V4WmRQNGowN3paODRDWjFRWXNldmhBcklrbVFQbUg4XG4zRWFoaTZL QVNxSHErLzJxa01INkxUZ25CZDFwbm90a0VCN21jdGlqQW9HQUFOaGw0ajFsU2VY elI2ZDVNSHo5XG5GTmVKUHRpM2hwRnMzRzZBdmZRSG5tUFlCMW1aYmFNSzZkVkd6 VkhBZ0tXZVNiOFBwZWRQM1JMek9IZzNHU2dNXG5ha0FZTFc2aTF0bjVwYmhKaHN2 U1lqN1diMHh4U1pIV1greHpFa1ZHSVNmemJ1dUU5cSs0M0tvZXRRVnhqa2M4XG5j TmZXdEJhL0szeTNMVWVZTnpubzBVWT1cbi0tLS0tRU5EIFBSSVZBVEUgS0VZLS0t LS1cbiIsCiAgImNsaWVudF9lbWFpbCI6ICJmaXJlYmFzZS1hZG1pbnNkay1mYnN2 Y0B6eW5rby0zNGNhYy5pYW0uZ3NlcnZpY2VhY2NvdW50LmNvbSIsCiAgImNsaWVu dF9pZCI6ICIxMDA1NTYxODgwNDU3OTA2NTU4NzIiLAogICJhdXRoX3VyaSI6ICJo dHRwczovL2FjY291bnRzLmdvb2dsZS5jb20vby9vYXV0aDIvYXV0aCIsCiAgInRv a2VuX3VyaSI6ICJodHRwczovL29hdXRoMi5nb29nbGVhcGlzLmNvbS90b2tlbiIs CiAgImF1dGhfcHJvdmlkZXJfeDUwOV9jZXJ0X3VybCI6ICJodHRwczovL3d3dy5n b29nbGVhcGlzLmNvbS9vYXV0aDIvdjEvY2VydHMiLAogICJjbGllbnRfeDUwOV9j ZXJ0X3VybCI6ICJodHRwczovL3d3dy5nb29nbGVhcGlzLmNvbS9yb2JvdC92MS9t ZXRhZGF0YS94NTA5L2ZpcmViYXNlLWFkbWluc2RrLWZic3ZjJTQwenlua28tMzRj YWMuaWFtLmdzZXJ2aWNlYWNjb3VudC5jb20iLAogICJ1bml2ZXJzZV9kb21haW4i OiAiZ29vZ2xlYXBpcy5jb20iCn0K","FIREBASE_CONFIG":"{\"projectId\":\"zynko-34cac\",\"databaseURL\":\"https://zynko-34cac-default-rtdb.firebaseio.com\",\"storageBucket\":\"zynko-34cac.firebasestorage.app\"}","GCLOUD_PROJECT":"zynko-34cac","EVENTARC_CLOUD_EVENT_SOURCE":"projects/zynko-34cac/locations/us-central1/functions/processQuery"},"runtime":"nodejs18","buildId":"3914d1d8-0e24-4080-adda-9bfbdde5ca97","buildEnvironmentVariables":{"GOOGLE_NODE_RUN_SCRIPTS":""},"buildName":"projects/94736983827/locations/us-central1/builds/3914d1d8-0e24-4080-adda-9bfbdde5ca97","dockerRegistry":"ARTIFACT_REGISTRY","automaticUpdatePolicy":{},"buildServiceAccount":"projects/zynko-34cac/serviceAccounts/94736983827-compute@developer.gserviceaccount.com"},"versionId":"18","updateTime":"2025-04-03T17:51:17Z","buildId":"04ca7c88-18f1-4c01-882e-7e0bf366f285","sourceToken":"3bb9a915-036d-4ced-a06e-9b3bc85528cb","buildName":"projects/94736983827/locations/us-central1/builds/04ca7c88-18f1-4c01-882e-7e0bf366f285"}}
[debug] [2025-04-03T17:52:19.565Z] Got source token 3bb9a915-036d-4ced-a06e-9b3bc85528cb for region us-central1
[debug] [2025-04-03T17:52:29.566Z] [update-default-us-central1-processQuery] Retrying task index 0
[debug] [2025-04-03T17:52:29.567Z] Checked if tokens are valid: true, expires at: 1743706165146
[debug] [2025-04-03T17:52:29.567Z] Checked if tokens are valid: true, expires at: 1743706165146
[debug] [2025-04-03T17:52:29.567Z] >>> [apiv2][query] GET https://cloudfunctions.googleapis.com/v1/operations/enlua28tMzRjYWMvdXMtY2VudHJhbDEvcHJvY2Vzc1F1ZXJ5L29CMkNPTUM4bUhv [none]
[debug] [2025-04-03T17:52:30.201Z] <<< [apiv2][status] GET https://cloudfunctions.googleapis.com/v1/operations/enlua28tMzRjYWMvdXMtY2VudHJhbDEvcHJvY2Vzc1F1ZXJ5L29CMkNPTUM4bUhv 200
[debug] [2025-04-03T17:52:30.201Z] <<< [apiv2][body] GET https://cloudfunctions.googleapis.com/v1/operations/enlua28tMzRjYWMvdXMtY2VudHJhbDEvcHJvY2Vzc1F1ZXJ5L29CMkNPTUM4bUhv {"name":"operations/enlua28tMzRjYWMvdXMtY2VudHJhbDEvcHJvY2Vzc1F1ZXJ5L29CMkNPTUM4bUhv","metadata":{"@type":"type.googleapis.com/google.cloud.functions.v1.OperationMetadataV1","target":"projects/zynko-34cac/locations/us-central1/functions/processQuery","type":"UPDATE_FUNCTION","request":{"@type":"type.googleapis.com/google.cloud.functions.v1.CloudFunction","name":"projects/zynko-34cac/locations/us-central1/functions/processQuery","httpsTrigger":{"url":"https://us-central1-zynko-34cac.cloudfunctions.net/processQuery","securityLevel":"SECURE_ALWAYS"},"status":"ACTIVE","entryPoint":"processQuery","updateTime":"2025-04-03T17:20:27.293Z","versionId":"17","labels":{"deployment-tool":"cli-firebase","deployment-callable":"true","firebase-functions-hash":"edaf871c060135d433d4cebdb87268d2686057d1"},"sourceUploadUrl":"https://storage.googleapis.com/uploads-285734307537.us-central1.cloudfunctions.appspot.com/82626765-643d-40fb-a064-a44e16400244.zip?GoogleAccessId=service-94736983827@gcf-admin-robot.iam.gserviceaccount.com&Expires=1743704475&Signature=aW%2BGo3Fy4np8OjusahltAMXcFV9fpGaStKhORYOPzVL7YG9RU0g5SduwNyL9p6jgMaqXZYeFc2SMZWTY5o0PJww0ebsQdtzDOzTcuqHf%2BZR%2BvLk3sE5VHZjp4A3FAm0En5aBc7mgzEf5E4htOq5rbWlu%2FCTWz18iyomL3NQFN%2F4nBCXK72%2B%2B35oqVexhMqlIw%2FoGVU5l2nQb8Qac9g60m1Gwju33rXFwVN4wR2g2C7mcSnlbi9nfChlUta8dP3tMJRrxuEUXDzTiG6BFxGfqgX8lcc2cjgtjVzR4Ll3Em714dxNObzYA2DAaeR8Oe%2BFKUiz1j4%2F%2F8qNFgX8JTC%2B8zw%3D%3D","environmentVariables":{"LOCATION":"us-central1","GOOGLE_APPLICATION_CREDENTIALS":"./service-account-key.json","GEMINI_API_KEY":"AIzaSyBvdRKCGP0PmzCXP32hZP5Nafk73pEyJGU","AGENT_ID":"ef46fa57-deb0-44a3-be4b-f95e60df65a5","DIALOGFLOW_LOCATION":"us-central1","DIALOGFLOW_AGENT_ID":"ef46fa57-deb0-44a3-be4b-f95e60df65a5","PROJECT_ID":"zynko-34cac","GOOGLE_SERVICE_ACCOUNT_KEY":"ewogICJ0eXBlIjogInNlcnZpY2VfYWNjb3VudCIsCiAgInByb2plY3RfaWQiOiAi enlua28tMzRjYWMiLAogICJwcml2YXRlX2tleV9pZCI6ICIxODlkN2ViZDBiOTM5 ODExODZkMmEzODAzMWU2YmJmNzNhMTYwYWUyIiwKICAicHJpdmF0ZV9rZXkiOiAi LS0tLS1CRUdJTiBQUklWQVRFIEtFWS0tLS0tXG5NSUlFdlFJQkFEQU5CZ2txaGtp Rzl3MEJBUUVGQUFTQ0JLY3dnZ1NqQWdFQUFvSUJBUUN6M0ZCaDBiOFdFajM3XG5I czBmYXZsa2RHSmdtajdDdmVTRllRemRmWWp3YXN5NUt1WFNpY1VSaXFLN3RXUjFu dFZ0QU5xUW81ZWlIaTNuXG5qQTNNaWRoS1lrcnp4d1lZY3VDZWcxV3hadEgzTE1v U1BWakEyNW1lVWNwcjBUaTZjckQ4RmdkL2R4MWhVS3B3XG5vL01iUStNRE9zZWRq VzBRZWd4Sk0rNktGUlkyb0NEWVZwMnRrR3I1YS96cjhLdW9WNGcyaTZkRzdXY253 VjFoXG5uMkljak9Ib04yVGlwWWdLU3JxQytWbHpxWFlYT2xEZ3pwbHUzcklXOEZH Q2ZpV0liNTVCZzgwQWtIdmhPR2pGXG5RMFVrR2EydHpIandqamdnUlRJZEI1RnBQ R3JrR0IwRVRvZzF4Q0dMeXlQVkpkdHlTM2hiYkF0cWdRUXRvdmtkXG5zRUlZdytj bkFnTUJBQUVDZ2dFQVUzSDhFeDRTUndXb251alA1dXNsRUkrVWt0Z05GU0d2czVm dXRaWUg0ZTdTXG4wM2ZORDR4ZWswQmNOclUyQ2dIcVovdVU2N1VTWlNNV1RnNWky b243Z0tzd3RnQVkybC8xeVdVS2JWZFVRNWFTXG5tN3E5Z2lDQUdYMDk2aDZ6OElE RWp2Z1RlM1pDZWNOSWlDRHdhYTVwMUxaQkpWNFhneVQwclVPOFFIRC9FTkVhXG5Y YWNwbFhVQ1Q0aUtvNkJDRjR5OS9kdDVuSXNRd3NTVlZwaVdvMmMwVEYyQ0l1NWJB djVGd1pzQ2lGY3Bvb1NQXG5uS05DUFpnZGxYWE9RSlZZTTVsdlNlY2tzZXA1YVJO QnJsM3YxRFhWQ0lRd2EyODVsMUtvSjRpL1UrM1dqTWhPXG5DRDB4TVhWRUNHS0Vx b0wwOHRVUy85bUJlanYwUHlNa001Sk1hM0w1bVFLQmdRRHhiQTdxeEp2eEVDbGN1 dldEXG5OV3lOcnd4cmFGRlJoZ2UrdFFuOGpNTWFLRUEySlFXZ2VZUDBkaXJ5R3FU NjRWRjhabWZTbklpcVJGUFROdVJGXG5hRjlHMjF2QTVtODVpUnlDOERTaEpXUFp5 bGlPUEVDUG5sME00NEpqU0tBaDAwTWQvV3NjZW40Z2JtQ0h1UU9FXG5vYWN3cmtU Z01VUmFLYk5Vc2ZrVytGMUl1UUtCZ1FDK3VLRE0vaUFITnowdFJxWk15UFZkSUJh d1Ywb2ZQV1VqXG5LcVF5UDdsWkRiTlRTMndWTkhJTXpmZ1ZXdnRZcDhMTVFrMmc1 OCt2NG1DM2xCblA0bXRLUkJWS3ZSak9zb01qXG4zY1pOZFRKcTl6REZoL0t6cTkw TFlSd1VrcGU1OWxNSXJmV2JpbUxEK3J4b3lNRW5IOVhyTW1pcWN2WTdEK0psXG5Q MHRIMnlyKzN3S0JnUURSOTI4SjA3RGtlVy9mekdKV21SSXVMMzRYdEFSMWFLSTN4 SEJKQzR0cnBuSWlKUlM5XG51ckYrM1g4QVRSZ0xjZ2RTc0NXLzBKQXp0WFZLRDBW ODhBZGRNczZiK0UzbnRrM3J1MG1xbFVCQVhIR2tVdGE3XG5rYm5QeWRiT3pvMG1u ZnlUaXFHcmhRVkk0M1prMUE0eFBmNlFvaUFZOUFCRWdsd0xYellLT2p1M1VRS0Jn Rk9mXG5ZaW5mZHEyVFE4aVpSSXRBUll6YVovaFRuWlZLOXhCUFB3VWxPYUJaU0hw S0JJN2JtdklRVVNrVDVrYTk3OFJkXG5nZW4rR2VyMWFCQzE2QWRsTUVPMHpGMGp3 ai9HdDRjL1V4WmRQNGowN3paODRDWjFRWXNldmhBcklrbVFQbUg4XG4zRWFoaTZL QVNxSHErLzJxa01INkxUZ25CZDFwbm90a0VCN21jdGlqQW9HQUFOaGw0ajFsU2VY elI2ZDVNSHo5XG5GTmVKUHRpM2hwRnMzRzZBdmZRSG5tUFlCMW1aYmFNSzZkVkd6 VkhBZ0tXZVNiOFBwZWRQM1JMek9IZzNHU2dNXG5ha0FZTFc2aTF0bjVwYmhKaHN2 U1lqN1diMHh4U1pIV1greHpFa1ZHSVNmemJ1dUU5cSs0M0tvZXRRVnhqa2M4XG5j TmZXdEJhL0szeTNMVWVZTnpubzBVWT1cbi0tLS0tRU5EIFBSSVZBVEUgS0VZLS0t LS1cbiIsCiAgImNsaWVudF9lbWFpbCI6ICJmaXJlYmFzZS1hZG1pbnNkay1mYnN2 Y0B6eW5rby0zNGNhYy5pYW0uZ3NlcnZpY2VhY2NvdW50LmNvbSIsCiAgImNsaWVu dF9pZCI6ICIxMDA1NTYxODgwNDU3OTA2NTU4NzIiLAogICJhdXRoX3VyaSI6ICJo dHRwczovL2FjY291bnRzLmdvb2dsZS5jb20vby9vYXV0aDIvYXV0aCIsCiAgInRv a2VuX3VyaSI6ICJodHRwczovL29hdXRoMi5nb29nbGVhcGlzLmNvbS90b2tlbiIs CiAgImF1dGhfcHJvdmlkZXJfeDUwOV9jZXJ0X3VybCI6ICJodHRwczovL3d3dy5n b29nbGVhcGlzLmNvbS9vYXV0aDIvdjEvY2VydHMiLAogICJjbGllbnRfeDUwOV9j ZXJ0X3VybCI6ICJodHRwczovL3d3dy5nb29nbGVhcGlzLmNvbS9yb2JvdC92MS9t ZXRhZGF0YS94NTA5L2ZpcmViYXNlLWFkbWluc2RrLWZic3ZjJTQwenlua28tMzRj YWMuaWFtLmdzZXJ2aWNlYWNjb3VudC5jb20iLAogICJ1bml2ZXJzZV9kb21haW4i OiAiZ29vZ2xlYXBpcy5jb20iCn0K","FIREBASE_CONFIG":"{\"projectId\":\"zynko-34cac\",\"databaseURL\":\"https://zynko-34cac-default-rtdb.firebaseio.com\",\"storageBucket\":\"zynko-34cac.firebasestorage.app\"}","GCLOUD_PROJECT":"zynko-34cac","EVENTARC_CLOUD_EVENT_SOURCE":"projects/zynko-34cac/locations/us-central1/functions/processQuery"},"runtime":"nodejs18","buildId":"3914d1d8-0e24-4080-adda-9bfbdde5ca97","buildEnvironmentVariables":{"GOOGLE_NODE_RUN_SCRIPTS":""},"buildName":"projects/94736983827/locations/us-central1/builds/3914d1d8-0e24-4080-adda-9bfbdde5ca97","dockerRegistry":"ARTIFACT_REGISTRY","automaticUpdatePolicy":{},"buildServiceAccount":"projects/zynko-34cac/serviceAccounts/94736983827-compute@developer.gserviceaccount.com"},"versionId":"18","updateTime":"2025-04-03T17:52:28Z","buildId":"04ca7c88-18f1-4c01-882e-7e0bf366f285","sourceToken":"3bb9a915-036d-4ced-a06e-9b3bc85528cb","buildName":"projects/94736983827/locations/us-central1/builds/04ca7c88-18f1-4c01-882e-7e0bf366f285"},"done":true,"response":{"@type":"type.googleapis.com/google.cloud.functions.v1.CloudFunction","name":"projects/zynko-34cac/locations/us-central1/functions/processQuery","httpsTrigger":{"url":"https://us-central1-zynko-34cac.cloudfunctions.net/processQuery","securityLevel":"SECURE_ALWAYS"},"status":"ACTIVE","entryPoint":"processQuery","timeout":"60s","availableMemoryMb":256,"serviceAccountEmail":"zynko-34cac@appspot.gserviceaccount.com","updateTime":"2025-04-03T17:52:28.173Z","versionId":"18","labels":{"deployment-tool":"cli-firebase","deployment-callable":"true","firebase-functions-hash":"edaf871c060135d433d4cebdb87268d2686057d1"},"sourceUploadUrl":"https://storage.googleapis.com/uploads-285734307537.us-central1.cloudfunctions.appspot.com/82626765-643d-40fb-a064-a44e16400244.zip","environmentVariables":{"LOCATION":"us-central1","GOOGLE_APPLICATION_CREDENTIALS":"./service-account-key.json","GEMINI_API_KEY":"AIzaSyBvdRKCGP0PmzCXP32hZP5Nafk73pEyJGU","AGENT_ID":"ef46fa57-deb0-44a3-be4b-f95e60df65a5","DIALOGFLOW_LOCATION":"us-central1","DIALOGFLOW_AGENT_ID":"ef46fa57-deb0-44a3-be4b-f95e60df65a5","PROJECT_ID":"zynko-34cac","GOOGLE_SERVICE_ACCOUNT_KEY":"ewogICJ0eXBlIjogInNlcnZpY2VfYWNjb3VudCIsCiAgInByb2plY3RfaWQiOiAi enlua28tMzRjYWMiLAogICJwcml2YXRlX2tleV9pZCI6ICIxODlkN2ViZDBiOTM5 ODExODZkMmEzODAzMWU2YmJmNzNhMTYwYWUyIiwKICAicHJpdmF0ZV9rZXkiOiAi LS0tLS1CRUdJTiBQUklWQVRFIEtFWS0tLS0tXG5NSUlFdlFJQkFEQU5CZ2txaGtp Rzl3MEJBUUVGQUFTQ0JLY3dnZ1NqQWdFQUFvSUJBUUN6M0ZCaDBiOFdFajM3XG5I czBmYXZsa2RHSmdtajdDdmVTRllRemRmWWp3YXN5NUt1WFNpY1VSaXFLN3RXUjFu dFZ0QU5xUW81ZWlIaTNuXG5qQTNNaWRoS1lrcnp4d1lZY3VDZWcxV3hadEgzTE1v U1BWakEyNW1lVWNwcjBUaTZjckQ4RmdkL2R4MWhVS3B3XG5vL01iUStNRE9zZWRq VzBRZWd4Sk0rNktGUlkyb0NEWVZwMnRrR3I1YS96cjhLdW9WNGcyaTZkRzdXY253 VjFoXG5uMkljak9Ib04yVGlwWWdLU3JxQytWbHpxWFlYT2xEZ3pwbHUzcklXOEZH Q2ZpV0liNTVCZzgwQWtIdmhPR2pGXG5RMFVrR2EydHpIandqamdnUlRJZEI1RnBQ R3JrR0IwRVRvZzF4Q0dMeXlQVkpkdHlTM2hiYkF0cWdRUXRvdmtkXG5zRUlZdytj bkFnTUJBQUVDZ2dFQVUzSDhFeDRTUndXb251alA1dXNsRUkrVWt0Z05GU0d2czVm dXRaWUg0ZTdTXG4wM2ZORDR4ZWswQmNOclUyQ2dIcVovdVU2N1VTWlNNV1RnNWky b243Z0tzd3RnQVkybC8xeVdVS2JWZFVRNWFTXG5tN3E5Z2lDQUdYMDk2aDZ6OElE RWp2Z1RlM1pDZWNOSWlDRHdhYTVwMUxaQkpWNFhneVQwclVPOFFIRC9FTkVhXG5Y YWNwbFhVQ1Q0aUtvNkJDRjR5OS9kdDVuSXNRd3NTVlZwaVdvMmMwVEYyQ0l1NWJB djVGd1pzQ2lGY3Bvb1NQXG5uS05DUFpnZGxYWE9RSlZZTTVsdlNlY2tzZXA1YVJO QnJsM3YxRFhWQ0lRd2EyODVsMUtvSjRpL1UrM1dqTWhPXG5DRDB4TVhWRUNHS0Vx b0wwOHRVUy85bUJlanYwUHlNa001Sk1hM0w1bVFLQmdRRHhiQTdxeEp2eEVDbGN1 dldEXG5OV3lOcnd4cmFGRlJoZ2UrdFFuOGpNTWFLRUEySlFXZ2VZUDBkaXJ5R3FU NjRWRjhabWZTbklpcVJGUFROdVJGXG5hRjlHMjF2QTVtODVpUnlDOERTaEpXUFp5 bGlPUEVDUG5sME00NEpqU0tBaDAwTWQvV3NjZW40Z2JtQ0h1UU9FXG5vYWN3cmtU Z01VUmFLYk5Vc2ZrVytGMUl1UUtCZ1FDK3VLRE0vaUFITnowdFJxWk15UFZkSUJh d1Ywb2ZQV1VqXG5LcVF5UDdsWkRiTlRTMndWTkhJTXpmZ1ZXdnRZcDhMTVFrMmc1 OCt2NG1DM2xCblA0bXRLUkJWS3ZSak9zb01qXG4zY1pOZFRKcTl6REZoL0t6cTkw TFlSd1VrcGU1OWxNSXJmV2JpbUxEK3J4b3lNRW5IOVhyTW1pcWN2WTdEK0psXG5Q MHRIMnlyKzN3S0JnUURSOTI4SjA3RGtlVy9mekdKV21SSXVMMzRYdEFSMWFLSTN4 SEJKQzR0cnBuSWlKUlM5XG51ckYrM1g4QVRSZ0xjZ2RTc0NXLzBKQXp0WFZLRDBW ODhBZGRNczZiK0UzbnRrM3J1MG1xbFVCQVhIR2tVdGE3XG5rYm5QeWRiT3pvMG1u ZnlUaXFHcmhRVkk0M1prMUE0eFBmNlFvaUFZOUFCRWdsd0xYellLT2p1M1VRS0Jn Rk9mXG5ZaW5mZHEyVFE4aVpSSXRBUll6YVovaFRuWlZLOXhCUFB3VWxPYUJaU0hw S0JJN2JtdklRVVNrVDVrYTk3OFJkXG5nZW4rR2VyMWFCQzE2QWRsTUVPMHpGMGp3 ai9HdDRjL1V4WmRQNGowN3paODRDWjFRWXNldmhBcklrbVFQbUg4XG4zRWFoaTZL QVNxSHErLzJxa01INkxUZ25CZDFwbm90a0VCN21jdGlqQW9HQUFOaGw0ajFsU2VY elI2ZDVNSHo5XG5GTmVKUHRpM2hwRnMzRzZBdmZRSG5tUFlCMW1aYmFNSzZkVkd6 VkhBZ0tXZVNiOFBwZWRQM1JMek9IZzNHU2dNXG5ha0FZTFc2aTF0bjVwYmhKaHN2 U1lqN1diMHh4U1pIV1greHpFa1ZHSVNmemJ1dUU5cSs0M0tvZXRRVnhqa2M4XG5j TmZXdEJhL0szeTNMVWVZTnpubzBVWT1cbi0tLS0tRU5EIFBSSVZBVEUgS0VZLS0t LS1cbiIsCiAgImNsaWVudF9lbWFpbCI6ICJmaXJlYmFzZS1hZG1pbnNkay1mYnN2 Y0B6eW5rby0zNGNhYy5pYW0uZ3NlcnZpY2VhY2NvdW50LmNvbSIsCiAgImNsaWVu dF9pZCI6ICIxMDA1NTYxODgwNDU3OTA2NTU4NzIiLAogICJhdXRoX3VyaSI6ICJo dHRwczovL2FjY291bnRzLmdvb2dsZS5jb20vby9vYXV0aDIvYXV0aCIsCiAgInRv a2VuX3VyaSI6ICJodHRwczovL29hdXRoMi5nb29nbGVhcGlzLmNvbS90b2tlbiIs CiAgImF1dGhfcHJvdmlkZXJfeDUwOV9jZXJ0X3VybCI6ICJodHRwczovL3d3dy5n b29nbGVhcGlzLmNvbS9vYXV0aDIvdjEvY2VydHMiLAogICJjbGllbnRfeDUwOV9j ZXJ0X3VybCI6ICJodHRwczovL3d3dy5nb29nbGVhcGlzLmNvbS9yb2JvdC92MS9t ZXRhZGF0YS94NTA5L2ZpcmViYXNlLWFkbWluc2RrLWZic3ZjJTQwenlua28tMzRj YWMuaWFtLmdzZXJ2aWNlYWNjb3VudC5jb20iLAogICJ1bml2ZXJzZV9kb21haW4i OiAiZ29vZ2xlYXBpcy5jb20iCn0K","FIREBASE_CONFIG":"{\"projectId\":\"zynko-34cac\",\"databaseURL\":\"https://zynko-34cac-default-rtdb.firebaseio.com\",\"storageBucket\":\"zynko-34cac.firebasestorage.app\"}","GCLOUD_PROJECT":"zynko-34cac","EVENTARC_CLOUD_EVENT_SOURCE":"projects/zynko-34cac/locations/us-central1/functions/processQuery"},"runtime":"nodejs18","ingressSettings":"ALLOW_ALL","buildId":"04ca7c88-18f1-4c01-882e-7e0bf366f285","buildEnvironmentVariables":{"GOOGLE_NODE_RUN_SCRIPTS":""},"buildName":"projects/94736983827/locations/us-central1/builds/04ca7c88-18f1-4c01-882e-7e0bf366f285","dockerRegistry":"ARTIFACT_REGISTRY","automaticUpdatePolicy":{},"buildServiceAccount":"projects/zynko-34cac/serviceAccounts/94736983827-compute@developer.gserviceaccount.com"}}
[debug] [2025-04-03T17:52:30.202Z] Got source token 3bb9a915-036d-4ced-a06e-9b3bc85528cb for region us-central1
[info] +  functions[processQuery(us-central1)] Successful update operation. 
[debug] [2025-04-03T17:52:30.220Z] Total Function Deployment time: 74535
[debug] [2025-04-03T17:52:30.220Z] 1 Functions Deployed
[debug] [2025-04-03T17:52:30.220Z] 0 Functions Errored
[debug] [2025-04-03T17:52:30.220Z] 0 Function Deployments Aborted
[debug] [2025-04-03T17:52:30.220Z] Average Function Deployment time: 74531
